Title,Company,Year,Time,Language,Budget,Box office,IMDB,Meta,RT
Pinocchio,Walt Disney Productions,1940,88.0,English,2600000.0,164000000.0,7.4,99.0,100%
Fantasia,Walt Disney Productions,1940,126.0,English,2280000.0,83300000.0,7.8,96.0,95%
Dumbo,Walt Disney Productions,1941,64.0,English,950000.0,1300000.0,7.2,96.0,98%
Bambi,Walt Disney Productions,1942,70.0,English,858000.0,267400000.0,7.3,91.0,90%
Make Mine Music,Walt Disney Productions,1946,75.0,English,1350000.0,3275000.0,6.3,60.0,70%
Song of the South,Walt Disney Productions,1946,94.0,English,2125000.0,65000000.0,7.1,54.0,50%
Melody Time,Walt Disney Productions,1948,75.0,English,1500000.0,2560000.0,6.4,69.0,80%
Cinderella,Walt Disney Productions,1950,74.0,English,2900000.0,263600000.00000003,6.9,67.0,84%
Alice in Wonderland,Walt Disney Productions,1951,75.0,English,3000000.0,5600000.0,6.4,53.0,51%
Peter Pan,Walt Disney Productions,1953,77.0,English,4000000.0,87400000.0,7.3,76.0,81%
The Living Desert,Walt Disney Productions,1953,69.0,English,300000.0,2600000.0,7.5,69.0,74%
"20,000 Leagues Under the Sea",Walt Disney Productions,1954,127.0,English,5000000.0,28200000.0,7.2,83.0,89%
Lady and the Tramp,Walt Disney Productions,1955,76.0,English,4000000.0,187000000.0,7.3,78.0,93%
Sleeping Beauty,Walt Disney Productions,1959,75.0,English,6000000.0,51600000.0,7.2,85.0,89%
The Shaggy Dog,Walt Disney Productions,1959,104.0,English,1000000.0,12300000.0,4.4,43.0,26%
Swiss Family Robinson,Walt Disney Productions,1960,126.0,English,4000000.0,40000000.0,7.2,61.0,82%
One Hundred and One Dalmatians,Walt Disney Productions,1961,79.0,English,3600000.0,303000000.0,7.2,83.0,98%
Babes in Toyland,Walt Disney Productions,1961,105.0,English,3000000.0,4600000.0,6.3,55.0,36%
The Sword in the Stone,Walt Disney Productions,1963,79.0,English,3000000.0,22200000.0,7.2,61.0,66%
Mary Poppins,Walt Disney Productions,1964,139.0,English,4400000.0,103100000.0,7.8,88.0,100%
The Jungle Book,Walt Disney Productions,1967,78.0,English,4000000.0,378000000.0,7.4,77.0,94%
The Love Bug,Walt Disney Productions,1968,108.0,English,5000000.0,51264000.0,6.5,48.0,76%
The Aristocats,Walt Disney Productions,1970,79.0,English,4000000.0,191000000.0,7.1,66.0,64%
Bedknobs and Broomsticks,Walt Disney Productions,1971,118.0,English,6300000.0,17900000.0,7.1,59.0,66%
Robin Hood,Walt Disney Productions,1973,83.0,English,5000000.0,32000000.0,6.6,53.0,43%
Freaky Friday,Walt Disney Productions,1976,95.0,English,5000000.0,36000000.0,6.2,70.0,88%
The Rescuers,Walt Disney Productions,1977,77.0,English,7500000.0,169000000.0,6.9,74.0,81%
Pete's Dragon,Walt Disney Productions,1977,128.0,English,10000000.0,36.0,6.7,71.0,88%
The Black Hole,Walt Disney Productions,1979,98.0,English,20000000.0,35800000.0,6.0,52.0,38%
Popeye,"['Paramount Pictures', 'Walt Disney Productions', 'Robert Evans Productions', 'King Features Entertainment']",1980,114.0,English,20000000.0,60000000.0,5.3,64.0,59%
Dragonslayer,"['Paramount Pictures', 'Walt Disney Productions']",1981,109.0,English,18000000.0,14100000.0,6.7,68.0,84%
The Fox and the Hound,Walt Disney Productions,1981,83.0,English,12000000.0,63500000.0,7.3,65.0,70%
Tex,Walt Disney Productions (promoted under the auspices of Touchstone Films),1982,103.0,English,5000000.0,7400000.0,6.5,78.0,85%
Return to Oz,"['Walt Disney Pictures', 'Silver Screen Partners II']",1985,113.0,English,28000000.0,11100000.0,6.7,42.0,53%
The Black Cauldron,"['Walt Disney Pictures', 'Walt Disney Productions', 'Silver Screen Partners II']",1985,80.0,English,25000000.0,21300000.0,6.4,59.0,53%
The Great Mouse Detective,"['Walt Disney Pictures', 'Walt Disney Feature Animation', 'Silver Screen Partners II']",1986,74.0,English,14000000.0,38700000.0,7.2,73.0,80%
Flight of the Navigator,"['PSO Productions', 'Viking Film AS']",1986,90.0,English,9000000.0,18564613.0,6.9,64.0,84%
Oliver & Company,"['Walt Disney Pictures', 'Walt Disney Feature Animation', 'Silver Screen Partners III']",1988,74.0,English,31000000.0,121000000.0,6.7,58.0,50%
"Honey, I Shrunk the Kids","['Walt Disney Pictures', 'Silver Screen Partners III']",1989,93.0,English,18000000.0,222700000.0,6.4,63.0,76%
White Fang,"['Walt Disney Pictures', 'Silver Screen Partners IV']",1991,107.0,English,14000000.0,34800000.0,6.7,62.0,65%
Newsies,Walt Disney Pictures,1992,121.0,English,15000000.0,2800000.0,7.0,46.0,39%
"Honey, I Blew Up the Kid","['Walt Disney Pictures', 'Touchwood Pacific Partners']",1992,89.0,English,40000000.0,58700000.0,4.9,50.0,40%
The Mighty Ducks,"['Walt Disney Pictures', 'Avnet– Kerner Productions', 'Touchwood Pacific Partners I']",1992,104.0,English,14000000.0,50800000.0,6.5,46.0,23%
Cool Runnings,Walt Disney Pictures,1993,98.0,English,17000000.0,154900000.0,7.0,60.0,76%
The Three Musketeers,"['Walt Disney Pictures', 'Caravan Pictures', 'Avnet–Kerner Productions (uncredited)']",1993,105.0,English,30000000.0,53900000.0,5.7,35.0,26%
Blank Check,Walt Disney Pictures,1994,94.0,English,13000000.0,30600000.0,5.3,42.0,9%
The Lion King,"['Walt Disney Pictures', 'Walt Disney Feature Animation']",1994,88.0,English,45000000.0,968500000.0,8.5,88.0,93%
Angels in the Outfield,"['Walt Disney Pictures', 'Caravan Pictures']",1994,102.0,English,31000000.0,50200000.0,6.2,44.0,33%
The Santa Clause,Walt Disney Pictures,1994,97.0,English,22000000.0,189800000.0,6.5,57.0,71%
Man of the House,"['Walt Disney Pictures', 'All Girl Productions', 'Orr & Cruickshank Productions']",1995,96.0,English,22000000.0,40070995.0,5.4,35.0,9%
Pocahontas,"['Walt Disney Pictures', 'Walt Disney Feature Animation']",1995,81.0,English,55000000.0,346100000.0,6.7,58.0,55%
Operation Dumbo Drop,"['Walt Disney Pictures', 'Interscope Communications', 'PolyGram Filmed Entertainment']",1995,108.0,"['English', 'Vietnamese']",24000000.0,24670346.0,5.1,48.0,31%
A Kid in King Arthur's Court,"['Walt Disney Pictures', 'Trimark Pictures', 'Tapestry Films']",1995,89.0,English,15000000.0,13400000.0,4.7,34.0,5%
Toy Story,"['Walt Disney Pictures', 'Pixar Animation Studios']",1995,81.0,English,30000000.0,373600000.0,8.3,95.0,100%
Muppet Treasure Island,"['Walt Disney Pictures', 'Jim Henson Productions']",1996,100.0,English,31000000.0,34300000.0,7.0,64.0,73%
James and the Giant Peach,"['Walt Disney Pictures', 'Allied Filmmakers', 'Skellington Productions']",1996,79.0,English,38000000.0,28900000.0,6.7,78.0,91%
The Hunchback of Notre Dame,"['Walt Disney Pictures', 'Walt Disney Feature Animation']",1996,91.0,English,100000000.0,325300000.0,6.9,74.0,71%
First Kid,"['Walt Disney Pictures', 'Caravan Pictures', 'Roger Birnbaum Productions']",1996,101.0,English,15000000.0,26491793.0,5.3,48.0,20%
101 Dalmatians,"['Walt Disney Pictures', 'Great Oaks Entertainment']",1996,103.0,English,75000000.0,320700000.0,5.7,49.0,41%
Jungle 2 Jungle,"['Walt Disney Pictures', 'TF1 International']",1997,105.0,English,32000000.0,59900000.0,5.2,42.0,19%
George of the Jungle,"['Walt Disney Pictures', 'Mandeville Films', 'Jay Ward Productions', 'The Kerner Entertainment Company']",1997,92.0,English,55000000.0,174400000.0,5.5,53.0,56%
Flubber,"['Walt Disney Pictures', 'Great Oaks']",1997,93.0,English,80000000.0,178000000.0,5.3,37.0,24%
Mr. Magoo,"['Walt Disney Pictures', 'UPA Productions']",1997,87.0,English,30000000.0,28900000.0,4.0,18.0,7%
Mulan,"['Walt Disney Pictures', 'Walt Disney Feature Animation']",1998,87.0,English,90000000.0,304300000.0,7.6,71.0,86%
The Parent Trap,Walt Disney Pictures,1998,128.0,English,15000000.0,92100000.0,6.5,64.0,86%
A Bug's Life,"['Walt Disney Pictures', 'Pixar Animation Studios']",1998,95.0,English,120000000.0,363300000.0,7.2,77.0,92%
Mighty Joe Young,"['Walt Disney Pictures', 'RKO Pictures', 'The Jacobson Company']",1998,114.0,English,90000000.0,50600000.0,5.6,51.0,54%
My Favorite Martian,Walt Disney Pictures,1999,93.0,English,65000000.0,36800000.0,5.1,33.0,12%
Toy Story 2,"['Walt Disney Pictures', 'Pixar Animation Studios']",1999,92.0,English,90000000.0,497400000.0,7.9,88.0,100%
Fantasia 2000,"['Walt Disney Pictures', 'Walt Disney Feature Animation']",1999,74.0,English,85000000.0,90900000.0,7.2,59.0,81%
The Tigger Movie,"['Walt Disney Television Animation', 'Walt Disney Animation Japan', 'Walt Disney Pictures']",2000,77.0,English,15000000.0,96200000.0,6.3,53.0,62%
Dinosaur,"['Walt Disney Pictures', 'Walt Disney Feature Animation', 'The Secret Lab']",2000,82.0,English,127500000.0,349800000.0,6.5,56.0,64%
Remember The Titans,"['Walt Disney Pictures', 'Jerry Bruckheimer Films', 'Technical Black Films']",2000,113.0,English,30000000.0,136700000.0,7.8,48.0,73%
102 Dalmatians,"['Walt Disney Pictures', 'Cruella Productions', 'Kanzaman S.A.M. Films']",2000,100.0,English,85000000.0,183600000.0,4.9,35.0,31%
The Emperor's New Groove,"['Walt Disney Pictures', 'Walt Disney Feature Animation']",2000,78.0,English,100000000.0,169300000.0,7.3,70.0,85%
Recess: School's Out,"['Walt Disney Pictures', 'Walt Disney Television Animation', 'Walt Disney Television Animation Digital Production', 'Paul & Joe Productions', 'Sunwoo Animation Sunwoo Digital International']",2001,83.0,English,23000000.0,44500000.0,6.6,43.0,60%
Atlantis: The Lost Empire,"['Walt Disney Pictures', 'Walt Disney Feature Animation']",2001,96.0,English,90000000.0,186100000.0,6.9,52.0,49%
The Princess Diaries,"['Walt Disney Pictures', 'BrownHouse Productions']",2001,115.0,English,26000000.0,165300000.0,6.3,52.0,48%
Max Keeble's Big Move,"['Walt Disney Pictures', 'Karz Entertainment']",2001,86.0,English,25000000.0,18600000.0,5.4,40.0,29%
"Monsters, Inc.","['Walt Disney Pictures', 'Pixar Animation Studios']",2001,92.0,English,115000000.0,577400000.0,8.0,79.0,96%
Snow Dogs,"['Walt Disney Pictures', 'The Kerner Entertainment Company']",2002,99.0,English,33000000.0,115000000.0,5.2,29.0,25%
Return to Never Land,Walt Disney Television Animation,2002,73.0,English,20000000.0,115100000.0,5.8,49.0,45%
The Rookie,Walt Disney Pictures,2002,128.0,English,22000000.0,80700000.0,6.9,72.0,84%
Lilo & Stitch,"['Walt Disney Pictures', 'Walt Disney Feature Animation']",2002,85.0,English,80000000.0,273100000.0,7.2,73.0,86%
The Country Bears,Walt Disney Pictures,2002,88.0,English,35000000.0,18000000.0,4.1,37.0,31%
Tuck Everlasting,"['Walt Disney Pictures', 'Scholastic Studios']",2002,96.0,English,15000000.0,19300000.0,6.6,66.0,60%
The Santa Clause 2,"['Walt Disney Pictures', 'Outlaw Productions', 'Boxing Cat Films']",2002,104.0,English,65000000.0,172900000.0,5.6,48.0,56%
Treasure Planet,"['Walt Disney Pictures', 'Walt Disney Feature Animation']",2002,95.0,English,140000000.0,109600000.0,7.2,60.0,69%
The Jungle Book 2,"['DisneyToon Studios', 'Walt Disney Pictures']",2003,72.0,English,20000000.0,135700000.0,5.4,38.0,19%
Piglet's Big Movie,"['DisneyToon Studios', 'Walt Disney Pictures']",2003,75.0,English,46000000.0,62900000.0,6.1,62.0,70%
Ghosts of the Abyss,"['Walt Disney Pictures', 'Walden Media', 'Earthship Productions', 'Ascot Elite Entertainment Group', 'Golden Village', 'Telepool', 'UGC PH']",2003,61.0,English,13000000.0,28700000.0,6.8,67.0,80%
Holes,"['Walt Disney Pictures', 'Walden Media', 'Phoenix Pictures', 'Chicago Pacific Entertainment']",2003,117.0,English,20000000.0,71400000.0,7.0,71.0,78%
The Lizzie McGuire Movie,"['Walt Disney Pictures', 'Stan Rogow Productions']",2003,94.0,"['English', 'Italian']",17000000.0,55500000.0,5.5,56.0,41%
Finding Nemo,"['Walt Disney Pictures', 'Pixar Animation Studios']",2003,100.0,English,94000000.0,940300000.0,8.1,90.0,99%
Freaky Friday,"['Walt Disney Pictures', 'Gunn Films']",2003,97.0,English,26000000.0,160800000.0,6.2,70.0,88%
Brother Bear,"['Walt Disney Pictures', 'Walt Disney Feature Animation']",2003,85.0,English,46000000.0,250400000.0,6.8,48.0,37%
The Haunted Mansion,Walt Disney Pictures,2003,86.0,English,90000000.0,182300000.0,5.0,34.0,14%
Miracle,"['Walt Disney Pictures', 'Mayhem Pictures']",2004,136.0,English,28000000.0,64500000.0,7.5,68.0,81%
Confessions of a Teenage Drama Queen,Walt Disney Pictures,2004,89.0,English,15000000.0,33100000.0,4.7,33.0,14%
Home on the Range,"['Walt Disney Pictures', 'Walt Disney Feature Animation']",2004,76.0,English,110000000.0,145500000.0,5.3,50.0,53%
Around the World in 80 Days,"['Walt Disney Pictures', 'Walden Media', 'Spanknyce Films', 'Mostow/Lieberman Productions']",2004,120.0,"['English', 'French', 'Mandarin Chinese', 'Hindi']",110000000.0,72200000.0,5.9,49.0,32%
National Treasure,"['Walt Disney Pictures', 'Jerry Bruckheimer Films', 'Junction Entertainment', 'Saturn Films']",2004,131.0,English,100000000.0,347500000.0,6.9,39.0,46%
Pooh's Heffalump Movie,"['Walt Disney Pictures', 'Disneytoon Studios']",2005,68.0,English,20000000.0,52900000.0,6.4,64.0,80%
The Pacifier,"['Walt Disney Pictures', 'Spyglass Entertainment']",2005,95.0,English,56000000.0,198600000.0,5.6,30.0,21%
Ice Princess,"['Walt Disney Pictures', 'Bridget Johnson Films', 'On The Ice Productions']",2005,97.0,English,25000000.0,27600000.0,6.0,55.0,52%
Herbie: Fully Loaded,"['Walt Disney Pictures', 'Robert Simonds Productions']",2005,101.0,English,50000000.0,144100000.0,4.8,47.0,41%
Sky High,"['Walt Disney Pictures', 'Gunn Films']",2005,100.0,English,35000000.0,86400000.0,6.2,62.0,73%
Valiant,"['Vanguard Animation', 'Ealing Studios', 'UK Film Council', 'Take Film Partnerships', 'Odyssey Entertainment']",2005,76.0,English,35000000.0,61700000.0,5.5,45.0,32%
The Greatest Game Ever Played,Walt Disney Pictures,2005,120.0,English,25000000.0,15400000.0,7.4,55.0,63%
Chicken Little,"['Walt Disney Pictures', 'Walt Disney Feature Animation']",2005,81.0,English,150000000.0,314400000.0,5.7,48.0,37%
"The Chronicles of Narnia: The Lion, the Witch and the Wardrobe","['Walt Disney Pictures', 'Walden Media']",2005,143.0,English,180000000.0,745000000.0,6.9,75.0,76%
Roving Mars,"['Walt Disney Pictures', 'White Mountain Films', 'The Kennedy/Marshall Company']",2006,40.0,English,1000000.0,11000000.0,7.2,58.0,71%
Eight Below,"['Walt Disney Pictures', 'Spyglass Entertainment', 'Mandeville Films', 'The Kennedy/Marshall Company']",2006,120.0,English,40000000.0,120500000.0,7.3,64.0,73%
The Shaggy Dog,"['Walt Disney Pictures', 'Mandeville Films', 'Boxing Cat Films']",2006,99.0,English,50000000.0,87100000.0,4.4,43.0,26%
The Wild,"['Walt Disney Pictures', 'Hoytyboy Pictures', 'Sir Zip Productions', 'Contrafilm', 'C.O.R.E. Feature Animation']",2006,82.0,English,80000000.0,102300000.0,5.3,47.0,50%
Cars,"['Walt Disney Pictures', 'Pixar Animation Studios']",2006,117.0,English,120000000.0,462000000.0,7.1,73.0,75%
Invincible,Walt Disney Pictures,2006,104.0,English,30000000.0,58500000.0,7.1,63.0,72%
The Nightmare Before Christmas,"['Touchstone Pictures', 'Skellington Productions']",1993,76.0,English,18000000.0,89100000.0,8.0,82.0,95%
The Santa Clause 3: The Escape Clause,"['Walt Disney Pictures', 'Outlaw Productions', 'Boxing Cat Films']",2006,92.0,English,12000000.0,110800000.0,4.7,32.0,17%
Ratatouille,"['Walt Disney Pictures', 'Pixar Animation Studios']",2007,111.0,English,150000000.0,620700000.0,8.0,96.0,96%
The Game Plan,"['Walt Disney Pictures', 'Mayhem Pictures']",2007,110.0,English,22000000.0,146600000.0,6.1,44.0,28%
National Treasure: Book of Secrets,"['Walt Disney Pictures', 'Jerry Bruckheimer Films', 'Junction Entertainment', 'Saturn Films']",2007,124.0,English,130000000.0,459200000.0,6.5,48.0,36%
Hannah Montana and Miley Cyrus: Best of Both Worlds Concert,"['Walt Disney Pictures', 'PACE', 'Disney Channel Original Productions']",2008,74.0,English,7000000.0,70600000.0,2.4,59.0,71%
College Road Trip,"['Walt Disney Pictures', 'Gunn Films', 'Head Gear Films']",2008,83.0,English,25000000.0,51500000.0,4.3,36.0,12%
The Chronicles of Narnia: Prince Caspian,"['Walt Disney Pictures', 'Walden Media']",2008,150.0,English,225000000.0,419700000.0,6.5,62.0,67%
Beverly Hills Chihuahua,"['Walt Disney Pictures', 'Mandeville Films']",2008,91.0,English,20000000.0,149300000.0,3.8,41.0,40%
Bolt,"['Walt Disney Pictures', 'Walt Disney Animation Studios']",2008,96.0,English,150000000.0,310000000.0,6.8,67.0,89%
Bedtime Stories,"['Walt Disney Pictures', 'Happy Madison Productions', 'Gunn Films', 'Offspring Entertainment', 'Conman & Izzy Productions']",2008,99.0,English,80000000.0,212900000.0,6.0,33.0,27%
Race to Witch Mountain,"['Walt Disney Pictures', 'Gunn Films']",2009,98.0,English,50000000.0,106400000.0,5.7,52.0,43%
Hannah Montana: The Movie,"['Walt Disney Pictures', ""It's a Laugh Productions"", 'Millar Gough Ink']",2009,97.0,English,30000000.0,169.2,4.5,47.0,43%
Earth,"['BBC Worldwide', 'Greenlight Media', 'Discovery Channel', 'BBC Natural History Unit']",2007,99.0,English,47000000.0,109000000.0,8.0,72.0,86%
Up,"['Walt Disney Pictures', 'Pixar Animation Studios']",2009,96.0,English,175000000.0,735100000.0,8.2,88.0,98%
A Christmas Carol,"['Walt Disney Pictures', 'ImageMovers Digital']",2009,96.0,English,175000000.0,325000000.0,6.8,55.0,52%
Old Dogs,"['Walt Disney Pictures', 'Tapestry Films']",2009,88.0,English,35000000.0,96800000.0,5.4,19.0,5%
The Princess and the Frog,"['Walt Disney Pictures', 'Walt Disney Animation Studios']",2009,97.0,English,105000000.0,269000000.0,7.1,73.0,85%
Alice in Wonderland,"['Walt Disney Pictures', 'Roth Films', 'The Zanuck Company', 'Team Todd']",2010,108.0,English,200000000.0,1025000000.0,6.4,53.0,51%
Oceans,"['Pathé', 'Participant Media', 'Galatée Films', 'Notro Films', 'France 2 Cinéma', 'France 3 Cinéma', 'Canal+', 'TPS Star', 'Alfred P. Sloan Foundation', 'Census of Marine Life']",2009,104.0,French,80000000.0,82700000.0,7.8,75.0,81%
Toy Story 3,"['Walt Disney Pictures', 'Pixar Animation Studios']",2010,103.0,English,200000000.0,1067000000.0,8.3,92.0,98%
The Sorcerer's Apprentice,"['Walt Disney Pictures', 'Jerry Bruckheimer Films', 'Saturn Films', 'Broken Road Productions']",2010,109.0,English,150000000.0,215300000.0,6.1,46.0,40%
Secretariat,"['Walt Disney Pictures', 'Mayhem Pictures']",2010,123.0,English,35000000.0,60300000.0,7.2,61.0,63%
Tangled,"['Walt Disney Pictures', 'Walt Disney Animation Studios']",2010,100.0,English,260000000.0,592400000.0,7.7,71.0,89%
Mars Needs Moms,"['Walt Disney Pictures', 'ImageMovers Digital']",2011,88.0,English,150000000.0,39200000.0,5.4,49.0,37%
African Cats,"['Disneynature', 'Fothergill / Scholey Productions', 'Silverback Films']",2011,89.0,"['English', 'French']",5000000.0,30900000.0,7.6,61.0,73%
Prom,Walt Disney Pictures,2011,104.0,English,8000000.0,10100000.0,5.4,50.0,36%
Cars 2,"['Walt Disney Pictures', 'Pixar Animation Studios']",2011,106.0,English,200000000.0,562100000.0,6.1,57.0,39%
The Muppets,"['Walt Disney Pictures', 'Mandeville Films', 'The Muppets Studio']",2011,103.0,English,45000000.0,165200000.0,7.1,75.0,95%
John Carter,Walt Disney Pictures,2012,132.0,English,306600000.0,284100000.0,6.6,51.0,52%
Chimpanzee,"['Disneynature', 'Great Ape Productions']",2012,77.0,"['English', 'French']",5000000.0,34800000.0,7.2,57.0,76%
Brave,"['Walt Disney Pictures', 'Pixar Animation Studios']",2012,93.0,English,185000000.0,540400000.0,7.1,69.0,78%
The Odd Life of Timothy Green,"['Walt Disney Pictures', 'Scott Sanders Productions']",2012,104.0,English,25000000.0,56000000.0,6.6,47.0,36%
Frankenweenie,"['Walt Disney Pictures', 'Tim Burton Productions']",2012,87.0,English,39000000.0,81500000.0,6.9,74.0,87%
Wreck-It Ralph,"['Walt Disney Pictures', 'Walt Disney Animation Studios']",2012,101.0,English,165000000.0,471200000.0,7.7,72.0,87%
Monsters University,"['Walt Disney Pictures', 'Pixar Animation Studios']",2013,104.0,English,200000000.0,743600000.0,7.3,65.0,80%
The Lone Ranger,"['Walt Disney Pictures', 'Jerry Bruckheimer Films', 'Infinitum Nihil', 'Blind Wink Productions']",2013,149.0,English,225000000.0,260500000.0,6.4,37.0,30%
Planes,"['Walt Disney Pictures', 'Disneytoon Studios']",2013,92.0,English,50000000.0,239300000.0,5.7,39.0,25%
Frozen,"['Walt Disney Pictures', 'Walt Disney Animation Studios']",2013,102.0,English,150000000.0,1280000000.0,7.4,75.0,90%
Saving Mr. Banks,"['Walt Disney Pictures', 'Ruby Films', 'Essential Media and Entertainment', 'BBC Films', 'Hopscotch Features']",2013,125.0,English,35000000.0,117900000.0,7.5,65.0,79%
Muppets Most Wanted,"['Walt Disney Pictures', 'Mandeville Films', 'The Muppets Studio']",2014,107.0,English,51000000.0,80400000.0,6.4,61.0,80%
Bears,"['Disneynature', 'Silverback Films']",2014,77.0,English,5000000.0,21300000.0,7.4,68.0,90%
Million Dollar Arm,"['Walt Disney Pictures', 'Roth Films', 'Mayhem Pictures']",2014,124.0,English,25000000.0,39200000.0,7.0,56.0,65%
Maleficent,"['Walt Disney Pictures', 'Roth Films']",2014,97.0,English,180000000.0,758500000.0,7.0,56.0,54%
Planes: Fire & Rescue,"['Walt Disney Pictures', 'Disneytoon Studios']",2014,84.0,English,50000000.0,147000000.0,6.0,48.0,44%
"Alexander and the Terrible, Horrible, No Good, Very Bad Day","['Walt Disney Pictures', '21 Laps Entertainment', 'The Jim Henson Company']",2014,81.0,English,28000000.0,100700000.0,6.2,54.0,61%
Big Hero 6,"['Walt Disney Pictures', 'Walt Disney Animation Studios']",2014,102.0,English,165000000.0,657800000.0,7.8,74.0,89%
Into the Woods,"['Walt Disney Pictures', 'Lucamar Productions', 'Marc Platt Productions']",2014,124.0,English,50000000.0,213100000.0,5.9,69.0,71%
"McFarland, USA","['Walt Disney Pictures', 'Mayhem Pictures']",2015,129.0,English,25000000.0,45700000.0,7.4,60.0,81%
Cinderella,"['Walt Disney Pictures', 'Kinberg Genre', 'Allison Shearmur Productions', 'Beagle Pug Films']",2015,106.0,English,95000000.0,542400000.0,6.9,67.0,84%
Monkey Kingdom,"['Disneynature', 'Silverback Films']",2015,82.0,English,5000000.0,17100000.0,7.3,72.0,93%
Tomorrowland,"['Walt Disney Pictures', 'A113 Productions']",2015,130.0,English,180000000.0,209000000.0,6.4,60.0,50%
Inside Out,"['Walt Disney Pictures', 'Pixar Animation Studios']",2015,94.0,English,175000000.0,858000000.0,8.1,94.0,98%
The Finest Hours,"['Walt Disney Pictures', 'Whitaker Entertainment', 'Red Hawk Entertainment']",2016,117.0,English,70000000.0,52100000.0,6.8,58.0,63%
Zootopia,"['Walt Disney Pictures', 'Walt Disney Animation Studios']",2016,108.0,English,150000000.0,1024000000.0,8.0,78.0,98%
The Jungle Book,"['Walt Disney Pictures', 'Fairview Entertainment']",2016,106.0,English,175000000.0,966600000.0,7.4,77.0,94%
Alice Through the Looking Glass,"['Walt Disney Pictures', 'Roth Films', 'Team Todd', 'Tim Burton Productions']",2016,113.0,English,170000000.0,300000000.0,6.2,34.0,29%
Finding Dory,"['Walt Disney Pictures', 'Pixar Animation Studios']",2016,97.0,English,175000000.0,1029000000.0,7.3,77.0,94%
March of the Penguins,"['Wild Bunch', 'National Geographic Films', 'Bonne Pioche']",2005,80.0,French,8000000.0,127400000.0,7.5,79.0,94%
Beauty and the Beast,"['Walt Disney Pictures', 'Mandeville Films']",2017,129.0,English,160000000.0,1264000000.0,8.0,95.0,94%
Born in China,"['Disneynature', 'Shanghai Media Group', 'Chuan Films', 'Brian Leith Productions']",2016,76.0,"['English', 'Mandarin', 'French']",5000000.0,25100000.0,7.2,57.0,85%
Pirates of the Caribbean: Dead Men Tell No Tales,"['Walt Disney Pictures', 'Jerry Bruckheimer Films']",2017,129.0,English,230000000.0,794900000.0,6.6,39.0,29%
Cars 3,"['Walt Disney Pictures', 'Pixar Animation Studios']",2017,102.0,English,175000000.0,383900000.0,6.7,59.0,70%
Coco,"['Walt Disney Pictures', 'Pixar Animation Studios']",2017,105.0,English,175000000.0,807100000.0,8.4,81.0,97%
The Nutcracker and the Four Realms,"['Walt Disney Pictures', 'The Mark Gordon Company']",2018,99.0,"['English', 'French']",120000000.0,174000000.0,5.5,39.0,32%
Mary Poppins Returns,"['Walt Disney Pictures', 'Lucamar Productions', 'Marc Platt Productions']",2018,131.0,English,130000000.0,349500000.0,6.7,66.0,79%
Dumbo,"['Walt Disney Pictures', 'Tim Burton Productions', 'Infinite Detective Productions', 'Secret Machine Entertainment']",2019,112.0,English,170000000.0,353300000.0,7.2,96.0,98%
The Lion King,"['Walt Disney Pictures', 'Fairview Entertainment']",2019,118.0,English,250000000.0,1657000000.0,8.5,88.0,93%
Maleficent: Mistress of Evil,"['Walt Disney Pictures', 'Roth/Kirschenbaum Films']",2019,119.0,English,185000000.0,491700000.0,6.6,43.0,40%
Frozen II,"['Walt Disney Pictures', 'Walt Disney Animation Studios']",2019,103.0,English,150000000.0,1450000000.0,6.9,64.0,77%
Mulan,"['Walt Disney Pictures', 'Jason T. Reed Productions', 'Good Fear Productions']",2020,115.0,English,200000000.0,57000000.0,7.6,71.0,86%
