employee_number,employee_age,maritial_status,current_salary,years_experience,past_projects,current_projects,performance_rating,education_level,department,role,job_satisfaction,work_life_balance
30309,44,False,30000,12,9,3,3,High School,HR,HR Manager,3.7655277732493113,5.708478762037059
47707,36,True,94508,5,4,0,3,Bachelor's,Sales,Account Executive,10.0,3.733788392524586
16042,41,False,30000,7,1,0,4,High School,Support,Support Engineer,7.780647640274933,4.751769720384019
52144,33,False,92793,6,13,3,5,Master's,Engineering,ML Engineer,10.0,1.265944890456522
33203,25,True,30000,3,2,2,3,Bachelor's,Support,Support Engineer,9.319821655062617,5.5373011442981
48926,23,True,45437,0,7,3,3,Master's,Sales,Sales Manager,7.153151984530468,8.41331952141008
27789,55,False,106646,28,4,3,5,Bachelor's,HR,HR Executive,7.544410396597013,4.25695770663262
15885,51,True,92117,22,0,1,4,Bachelor's,Sales,Sales Manager,7.1706243588530025,3.755756978643252
43194,20,False,51826,0,9,2,2,Master's,Support,Customer Specialist,6.375957945884845,1.0
49912,34,True,30000,1,10,2,3,Diploma,Finance,Analyst,5.6612574038655215,10.0
25220,23,False,55812,0,8,0,2,Diploma,R&D,Researcher,8.197218022019507,2.7750681349902733
52067,30,False,36277,0,2,0,2,Master's,Sales,Sales Manager,10.0,5.44038191791536
49496,40,True,30000,0,3,0,1,Master's,Support,Support Engineer,2.714804304582403,4.086792780423159
50496,26,True,30000,1,8,3,3,Diploma,Engineering,Software Engineer,3.8377763910378575,1.592838072254521
12340,32,True,53914,1,3,1,3,Diploma,HR,HR Manager,3.242027517069544,7.796655367602304
30589,48,True,74464,21,0,0,1,Bachelor's,Operations,Operations Coordinator,6.391312987819098,7.378077676418659
26983,20,True,30612,0,0,1,3,Bachelor's,Engineering,Software Engineer,4.582844051829628,8.597927927300907
22133,43,False,30000,18,5,3,2,Master's,Support,Customer Specialist,2.982015728700512,4.474255351694406
24140,21,True,63459,0,3,3,3,PhD,HR,HR Manager,7.629711802547031,2.5336415833242265
13378,65,True,30000,43,4,0,3,Diploma,Engineering,Software Engineer,1.2058715123953334,1.5684208825874606
24980,35,True,30000,6,10,2,3,Bachelor's,Sales,Sales Manager,9.860061473576764,10.0
36530,22,True,30000,0,1,2,3,Diploma,Engineering,Software Engineer,2.907936440154008,1.0
43798,24,False,37854,1,14,1,3,Diploma,Engineering,Software Engineer,4.526151288314283,1.0426253485400254
21189,40,True,58804,15,12,3,3,Master's,HR,HR Manager,6.14820512833884,9.056492779175546
11099,34,False,101838,10,9,0,1,Bachelor's,R&D,Scientist,7.458512146200944,5.885908112505082
12805,20,False,79101,0,14,1,3,Bachelor's,Operations,Ops Manager,5.639081012187391,6.874913702146402
41195,43,True,35498,15,5,3,2,Bachelor's,Finance,Senior Analyst,10.0,10.0
34979,38,True,82946,15,0,0,4,Bachelor's,Engineering,DevOps Engineer,6.81234613126246,1.0
37973,29,False,30000,0,8,1,4,High School,Engineering,ML Engineer,1.5234819344061572,5.66797343011987
32765,26,False,30126,0,10,0,3,Diploma,Finance,Analyst,8.77573446436884,1.566820607218807
11539,20,True,30000,0,3,2,3,Diploma,HR,HR Manager,4.690949541164999,1.0
26051,46,False,30000,13,5,0,3,PhD,Finance,Senior Analyst,4.569348248305756,1.387531008675695
32129,29,True,50660,0,8,1,5,Master's,Engineering,DevOps Engineer,3.7409464304383486,2.015189189404406
18424,36,False,33619,7,4,3,4,High School,Finance,Analyst,10.0,1.0
55210,29,False,131353,0,4,0,3,Diploma,HR,HR Manager,10.0,9.609731240892144
18936,34,True,33728,2,1,0,4,Master's,R&D,Researcher,10.0,2.509616282300448
47445,28,False,30000,5,7,1,2,Diploma,Operations,Ops Manager,3.241129633473898,10.0
37768,42,True,51535,1,1,1,5,High School,Sales,Account Executive,10.0,3.779997450791861
53283,37,True,71413,14,8,0,4,Diploma,R&D,Scientist,2.6954305529340443,5.323864672578537
29166,20,False,56631,0,3,0,3,PhD,R&D,Scientist,8.911886004632596,1.0
52142,32,False,44757,8,7,2,5,Diploma,Support,Customer Specialist,7.984474681590369,1.638128204808798
42576,37,False,45135,9,13,2,4,Bachelor's,Engineering,ML Engineer,5.390244495283882,2.215194524976339
21096,32,False,87952,10,5,3,3,High School,Support,Customer Specialist,10.0,4.65086782544768
11089,25,True,31094,0,5,1,4,Bachelor's,R&D,Scientist,3.5024448864626336,9.701702792602298
45593,53,True,51207,24,6,1,5,Bachelor's,Operations,Operations Coordinator,2.9578814834089844,7.069134955240538
58986,38,False,75631,15,1,0,4,High School,HR,HR Manager,3.816574987254731,2.54560615731685
45098,28,True,30000,5,1,3,3,Bachelor's,Finance,Analyst,4.234865467585857,2.638750561020183
54053,25,True,41952,0,12,0,3,Bachelor's,Finance,Analyst,6.4528374076489685,3.934947627972016
39428,24,True,50486,0,4,0,4,High School,Engineering,DevOps Engineer,6.285539454520029,4.467471845402291
52463,42,False,48882,14,6,3,3,Master's,Engineering,ML Engineer,10.0,7.503380676932761
34494,38,False,80917,6,14,0,1,PhD,Support,Customer Specialist,1.0,7.185246509428564
58130,32,True,38618,4,1,0,2,Diploma,HR,HR Executive,1.0,1.0
55897,50,True,32499,24,1,1,5,Bachelor's,Support,Support Engineer,5.167030499861284,1.0
23368,48,True,54705,26,0,3,2,High School,Finance,Senior Analyst,4.00643457084719,7.516573334093787
59751,31,False,60118,6,14,2,1,Diploma,Operations,Ops Manager,6.659405542714561,1.3183374641495451
27979,27,True,83996,0,12,1,3,Diploma,R&D,Scientist,10.0,1.7751113263834537
42695,51,True,98854,29,8,0,3,High School,Finance,Analyst,1.0,3.9923588980840576
33393,23,False,87054,0,4,1,4,Bachelor's,Sales,Account Executive,6.870957874750244,1.712141345528874
16593,31,True,64430,0,10,1,2,Bachelor's,Support,Customer Specialist,10.0,4.576691715442109
57739,34,True,44521,12,0,2,4,Bachelor's,Operations,Operations Coordinator,1.0,4.030322450604664
32659,35,False,78667,0,2,3,5,High School,Operations,Operations Coordinator,5.6626483586349,7.658077613159478
26270,20,True,59394,0,5,1,4,Bachelor's,Engineering,Software Engineer,10.0,6.387631537674154
41868,40,False,49477,0,6,2,3,High School,Support,Customer Specialist,9.343973442377637,9.23497560823436
19468,32,True,90696,0,9,0,3,Bachelor's,Sales,Sales Manager,3.992126338495141,5.772410795063975
52222,31,True,104448,5,3,2,5,Diploma,HR,HR Executive,8.119490608977198,2.0379336854849406
56766,33,True,64185,11,12,2,4,Bachelor's,Sales,Sales Manager,3.8022966918655694,4.857868037114862
43549,23,True,120355,0,3,1,3,Bachelor's,Operations,Ops Manager,10.0,4.444971793587434
31530,23,False,34217,0,12,2,3,Bachelor's,Engineering,Software Engineer,9.145379011780644,5.567668776690998
19545,32,False,91705,0,6,3,3,PhD,Finance,Senior Analyst,10.0,5.815435717464426
14795,28,False,41246,2,8,3,3,Master's,Operations,Ops Manager,1.572464145571777,2.630754638980913
27926,39,True,56696,7,7,1,4,Bachelor's,Engineering,DevOps Engineer,6.395383856096799,5.762442331316093
12646,38,True,58290,11,13,2,3,Diploma,Support,Support Engineer,9.25517595522994,8.237543794933089
22219,25,True,74078,0,7,0,3,Diploma,Finance,Analyst,6.001431507390289,6.288984848875302
34206,23,True,30000,0,10,2,3,Diploma,Finance,Analyst,7.0755310335254205,10.0
58300,48,False,30000,6,14,1,2,Bachelor's,HR,HR Executive,3.513186059483388,2.8565693461248904
25464,21,True,40202,0,2,3,2,Diploma,Operations,Operations Coordinator,8.784097953003704,2.4358380478722337
48159,34,True,30549,13,7,1,5,PhD,Finance,Analyst,3.650707676323637,6.481934465942097
58445,22,False,57057,0,8,0,3,Bachelor's,Finance,Analyst,8.748623430948623,8.93594544065331
56846,32,False,41461,9,14,3,3,Diploma,Finance,Analyst,7.564436609943042,9.013105617199765
25879,38,False,30000,16,2,3,4,Bachelor's,Operations,Operations Coordinator,10.0,1.0594083617730226
24361,37,True,40514,16,2,3,3,Bachelor's,Sales,Account Executive,2.789881634993187,10.0
12733,50,True,57071,29,11,0,5,Diploma,Finance,Senior Analyst,10.0,1.231065596111394
29067,41,False,68948,12,4,2,3,High School,Sales,Account Executive,1.5228789883672853,3.420288951113012
29066,31,False,45097,0,5,3,3,Diploma,Finance,Analyst,10.0,5.675573048982903
53908,32,True,89599,7,7,2,3,High School,Operations,Operations Coordinator,10.0,5.1466451680313146
56914,23,True,58351,0,3,1,3,High School,Operations,Ops Manager,2.815912856541008,3.435378613918801
54941,53,True,36182,28,14,3,2,Master's,HR,HR Manager,10.0,2.323456418733394
23804,31,True,36385,6,4,0,5,Master's,HR,HR Executive,5.969019812679085,9.994918093298068
19026,24,False,71583,0,5,0,3,Bachelor's,Support,Customer Specialist,7.575046176838637,3.956828653971711
35851,38,True,66701,17,1,2,3,Master's,Finance,Senior Analyst,6.1500587673204405,1.0
38738,28,False,100933,6,8,3,4,Master's,Engineering,ML Engineer,6.435453694538316,3.825065861294026
21673,33,True,52282,0,5,0,4,High School,Engineering,DevOps Engineer,10.0,3.174676878017104
52428,45,False,81420,13,12,0,3,Bachelor's,Operations,Ops Manager,5.9514501601645495,2.323883110451272
13160,38,True,59202,15,2,1,3,Master's,HR,HR Manager,4.783514196695123,3.717171881643616
33901,41,False,30000,9,7,1,4,Bachelor's,Operations,Operations Coordinator,9.31672520374603,10.0
22345,35,False,49714,3,0,3,4,Diploma,R&D,Researcher,5.624973771844688,1.0252915729343677
12236,29,True,30000,7,6,1,3,Bachelor's,R&D,Scientist,4.524749386143871,3.8806754243800334
31117,40,True,52968,13,10,3,3,Bachelor's,R&D,Researcher,7.0308840733272095,5.7712052411239
11046,41,False,88557,15,13,3,2,High School,HR,HR Manager,10.0,1.582087418059376
12359,37,True,31603,4,6,2,4,Bachelor's,Operations,Operations Coordinator,5.564866680717682,1.961327468465848
11336,18,True,47458,0,5,0,4,Bachelor's,Support,Customer Specialist,4.161050324839245,1.0
28833,46,False,30000,25,11,0,4,High School,Operations,Operations Coordinator,5.411253998457758,4.281173391653473
42628,37,True,30000,13,3,1,5,Diploma,Engineering,ML Engineer,8.137511229849967,1.2358949510495003
48589,42,False,108940,15,0,2,5,High School,Sales,Sales Manager,1.9316138110597525,5.870763490544912
23999,33,True,30000,0,13,2,5,Bachelor's,Engineering,DevOps Engineer,5.055655757122768,10.0
18408,52,False,49012,26,11,2,3,Diploma,HR,HR Executive,2.3546349587477198,3.339320451938629
44203,34,False,32519,13,0,2,3,Diploma,Operations,Operations Coordinator,10.0,3.616866757687816
45131,38,True,53857,4,2,1,2,Diploma,Operations,Ops Manager,9.441583713472102,2.800972560706794
17990,36,True,130121,0,5,0,5,Diploma,R&D,Researcher,10.0,2.696770706318558
29416,44,True,69162,18,2,3,3,High School,Finance,Senior Analyst,8.382205750910748,5.787333987666516
30442,38,False,30000,13,0,0,4,Master's,HR,HR Manager,2.149811341904268,10.0
25978,28,False,69748,0,12,2,3,Master's,Operations,Ops Manager,10.0,3.101175642736865
35060,32,False,44281,0,5,1,2,Master's,Engineering,ML Engineer,1.8160752944749063,1.8304190835576355
46220,39,False,30000,7,10,3,3,Master's,R&D,Scientist,6.600488851378631,1.0
18226,29,False,30000,5,12,0,4,Bachelor's,Support,Support Engineer,6.901671785414857,9.150863730112562
31210,26,True,30000,0,7,3,5,High School,R&D,Scientist,10.0,5.137063763962354
25074,38,True,40372,3,9,1,3,Diploma,R&D,Scientist,10.0,2.5914854254646524
24243,27,True,30000,0,7,0,5,Diploma,R&D,Scientist,1.0,10.0
59278,44,False,37944,16,4,1,3,Bachelor's,Engineering,ML Engineer,10.0,3.0559712046839547
57537,46,False,30000,23,12,3,1,Bachelor's,Operations,Operations Coordinator,7.458555942658126,2.432729852616477
41627,39,True,54059,16,14,1,4,Master's,Support,Support Engineer,10.0,2.5095884317757173
20819,48,True,39120,10,11,3,4,Diploma,HR,HR Executive,6.436910642117657,1.0
25537,26,False,31250,0,8,0,3,Bachelor's,Engineering,DevOps Engineer,1.8863670018205212,1.3117490455295808
56029,45,False,42525,16,4,3,3,Master's,Support,Support Engineer,7.924154173474409,2.7423447797065443
47346,51,False,52219,29,3,3,2,Bachelor's,Finance,Analyst,6.109698661644096,4.744644232156511
50460,44,True,76387,17,11,1,3,Master's,Sales,Account Executive,5.096784745289162,1.4042482649162076
52568,48,True,86615,27,5,2,4,Bachelor's,R&D,Scientist,1.0,10.0
13474,40,True,30000,12,11,0,3,PhD,HR,HR Executive,1.4289015462002297,3.682912872444831
48062,34,True,33035,4,10,0,4,Diploma,Finance,Senior Analyst,1.0,4.739179934863484
50518,28,False,43525,0,0,0,1,Bachelor's,HR,HR Executive,8.466757188224873,1.067281788870908
45961,28,False,30000,1,8,1,3,Master's,R&D,Researcher,7.0800001732546445,9.462806167375412
25864,45,True,59914,19,0,2,4,Diploma,HR,HR Executive,8.525467293113229,5.265927440801182
45646,39,False,84263,2,1,2,3,Diploma,Engineering,DevOps Engineer,10.0,2.6242072778444507
39330,30,True,30000,8,8,1,3,Bachelor's,R&D,Scientist,3.453646540967888,1.9150109697572404
44678,22,False,37803,0,13,3,3,Master's,Engineering,DevOps Engineer,10.0,6.118034142340392
28000,55,False,53982,33,4,3,3,Bachelor's,Support,Support Engineer,5.31683363924289,2.4738284341661485
46541,18,True,65603,0,8,0,3,Bachelor's,Finance,Senior Analyst,1.0,8.495570522623218
29346,44,False,116550,14,8,0,3,Master's,Operations,Operations Coordinator,9.193104724327338,3.3881665045457385
34194,42,True,39034,20,6,0,5,Diploma,HR,HR Manager,5.329511912713405,1.087776258951548
47266,36,True,42570,13,11,1,1,Bachelor's,Support,Customer Specialist,4.207656486223684,2.5097782836748213
18098,18,True,30000,0,10,0,4,Master's,Finance,Senior Analyst,3.582166216970891,4.1466401904451065
12364,21,True,52615,0,9,0,3,Bachelor's,Operations,Ops Manager,6.498730978449553,6.321853489688699
31764,47,True,78260,26,5,2,4,Diploma,HR,HR Executive,3.616835169299893,8.725357177064216
13389,18,False,37377,0,9,1,3,Diploma,HR,HR Executive,6.56746029222613,2.2446014398598457
13329,30,True,30000,9,10,3,2,Bachelor's,HR,HR Executive,6.860637091538776,1.0
41888,39,True,59830,0,9,1,3,Bachelor's,Engineering,DevOps Engineer,10.0,2.227210076596053
59587,42,False,74305,12,0,2,2,High School,HR,HR Manager,8.786342005466192,6.038524826515298
26668,52,False,42987,31,0,3,3,Bachelor's,Operations,Operations Coordinator,2.235272984165114,9.93016180983332
21895,56,False,120976,17,5,2,4,Diploma,Operations,Ops Manager,10.0,3.737564751250818
42245,32,False,55902,2,2,3,2,High School,Finance,Analyst,8.560430557234207,1.3313621214736369
59730,43,True,77330,15,2,1,5,Bachelor's,Finance,Analyst,10.0,4.307795789530164
23615,38,False,43936,7,4,2,3,Diploma,Support,Customer Specialist,3.3810795407461853,7.864157930454843
57067,39,True,51385,17,7,3,3,Bachelor's,R&D,Researcher,5.586877363113148,1.3033810232069012
18093,30,False,59307,3,1,1,4,Bachelor's,Sales,Account Executive,9.18663045788707,1.0
36678,26,True,63527,0,8,2,3,Bachelor's,HR,HR Executive,1.776357581729895,10.0
49405,35,True,30000,4,5,3,3,High School,HR,HR Manager,8.451090464863597,1.8228499192387757
38895,42,False,115465,19,4,3,4,Bachelor's,Engineering,DevOps Engineer,10.0,7.92168534939076
36726,26,True,30000,0,4,0,5,Bachelor's,HR,HR Manager,2.12695890276626,3.826620160057716
35541,43,True,59145,18,9,2,4,Bachelor's,R&D,Researcher,8.553671367414518,6.777802950689248
13789,22,False,37698,0,12,1,2,PhD,Sales,Sales Manager,8.874021989197168,6.665153877286716
49513,23,False,64324,1,12,0,4,Bachelor's,Support,Support Engineer,10.0,1.0
47992,46,True,74681,4,9,3,3,Bachelor's,Finance,Senior Analyst,8.639839892386917,3.0300954930541764
52749,36,True,61302,0,0,2,4,Diploma,Operations,Operations Coordinator,5.920109882996712,1.0
46375,40,False,50784,8,1,1,3,Diploma,R&D,Researcher,5.917375242858028,4.959165891926977
53771,36,False,105729,6,4,1,4,High School,Finance,Analyst,10.0,2.172799243328753
52005,43,True,73169,19,11,3,4,Diploma,Finance,Senior Analyst,7.6531891224514705,4.854484101109218
36701,47,False,87014,18,1,0,2,Bachelor's,Support,Support Engineer,9.960295572555944,1.0012511845108558
54330,32,False,49017,8,12,3,2,Diploma,HR,HR Manager,10.0,1.0
31792,33,False,81162,0,7,3,3,Master's,R&D,Researcher,3.785126364720811,6.451051938583661
20928,25,True,30000,0,13,3,3,Master's,Support,Support Engineer,1.0,1.1544274117623226
48754,27,False,30505,0,3,3,2,Bachelor's,Support,Support Engineer,9.844930669919735,1.6260061353140758
26466,36,False,59979,0,7,3,3,Diploma,Operations,Ops Manager,5.255225028965931,3.3722097451882327
34482,30,True,122783,0,0,3,3,Master's,Support,Customer Specialist,10.0,4.709273324578778
20649,31,True,54808,10,12,3,3,Bachelor's,Support,Customer Specialist,4.575021140765507,10.0
52062,39,True,86729,8,2,1,3,Bachelor's,R&D,Scientist,8.63835286841451,1.7967530174845114
14886,47,True,30000,18,2,3,3,High School,Support,Customer Specialist,8.17871601769459,10.0
36224,33,True,37130,9,10,2,3,Bachelor's,R&D,Scientist,7.56656963966309,9.805903042070067
57043,37,True,41086,10,5,3,1,Bachelor's,R&D,Scientist,6.305869325082934,8.421404779348732
54942,29,False,81586,3,13,3,3,Master's,Operations,Operations Coordinator,10.0,8.077150557360916
46878,41,False,87031,5,8,2,2,Master's,Support,Support Engineer,10.0,7.53149354187847
21382,33,True,30000,11,13,3,3,Bachelor's,Support,Support Engineer,8.465358906012302,10.0
14709,31,True,91571,0,11,2,3,Diploma,HR,HR Manager,8.412928692203312,5.472456066221301
27118,34,False,33009,11,6,0,3,Diploma,Operations,Operations Coordinator,3.614783152228648,4.308664328454963
26577,37,False,57864,14,11,0,3,Bachelor's,Finance,Senior Analyst,3.523828805402946,1.0
45412,33,True,42743,0,12,1,4,High School,Support,Customer Specialist,8.848506874458113,3.1538396320790536
41719,42,False,46847,8,5,3,4,Bachelor's,Support,Customer Specialist,3.884007504065968,1.4464166794084088
26277,21,True,72429,0,5,0,3,Master's,Operations,Operations Coordinator,7.715738681363166,6.939779425041805
25882,36,True,61409,13,4,1,4,Bachelor's,HR,HR Manager,10.0,4.666001393559759
53258,38,True,51491,0,5,0,3,Master's,Operations,Ops Manager,4.733213493408512,1.653112420048549
24443,26,True,42255,0,6,1,4,High School,Sales,Account Executive,10.0,1.4920795054264353
56388,45,False,80059,8,5,0,3,Bachelor's,Operations,Operations Coordinator,5.558755947388732,5.848506504712514
45109,41,True,68095,12,3,0,3,Diploma,Finance,Analyst,8.703379787964982,1.0
55827,45,True,33026,23,5,2,4,Bachelor's,Finance,Analyst,6.401200394686426,10.0
43046,32,False,30000,7,4,1,4,Bachelor's,Support,Support Engineer,8.159662569195259,1.0
51087,30,True,81429,0,11,3,3,Bachelor's,Engineering,Software Engineer,10.0,4.58315024198841
21966,42,True,61035,13,9,1,5,Bachelor's,Finance,Analyst,1.9721289051022843,9.95607434002979
20315,46,True,39654,11,6,3,4,Master's,Finance,Senior Analyst,6.337989259688203,5.277360911170725
37174,32,True,55192,8,14,0,3,Master's,Operations,Operations Coordinator,6.374797503088674,8.067837748273607
31361,48,True,30000,23,10,2,3,Diploma,HR,HR Manager,1.1319557713879016,1.0
18984,65,False,30000,22,0,1,2,Diploma,Finance,Senior Analyst,1.0,1.0
46392,44,True,51470,0,5,1,4,High School,Finance,Senior Analyst,10.0,4.559947216850381
16224,47,True,30000,24,0,0,4,High School,Operations,Operations Coordinator,3.853647388061808,1.383302562015623
47312,40,False,38849,12,0,0,3,Bachelor's,Engineering,ML Engineer,3.7625662479500273,7.788100968390702
53514,18,True,44964,0,13,1,2,Master's,R&D,Researcher,8.954719762603123,5.582357999596746
55985,40,True,57403,3,0,0,4,Diploma,Operations,Operations Coordinator,5.705535496455207,5.08231596236207
44486,20,False,42142,0,1,2,3,Bachelor's,Support,Customer Specialist,9.398703632199018,9.176610723189206
40963,54,True,44029,27,6,0,3,Master's,R&D,Researcher,5.7628406409597375,6.416627527825387
30285,51,True,84875,29,6,3,4,Diploma,Engineering,DevOps Engineer,7.528777491100691,10.0
40029,38,True,72168,9,1,1,3,Bachelor's,Support,Support Engineer,10.0,6.34529411966083
15187,48,False,45625,6,1,3,1,High School,Operations,Operations Coordinator,2.883007128113821,1.1263162971728793
37405,51,True,70845,27,2,1,1,High School,Sales,Account Executive,7.447803769757927,1.0
44382,33,False,70858,10,12,3,3,Bachelor's,Engineering,ML Engineer,8.56244720798945,1.861842719625304
52119,28,False,58779,3,7,3,3,Bachelor's,Engineering,DevOps Engineer,4.937267835527376,10.0
48347,31,False,30000,6,5,1,3,High School,Engineering,ML Engineer,4.354227071241299,2.8708451022021317
44300,38,False,60872,9,4,3,3,Bachelor's,Engineering,DevOps Engineer,10.0,1.7944372150889132
54303,34,True,31256,5,4,1,2,Master's,Engineering,DevOps Engineer,2.623426563263312,10.0
24065,42,True,62742,4,7,2,3,High School,Sales,Account Executive,7.985009589360457,7.770890359755924
49355,50,False,57595,22,7,0,5,Bachelor's,Finance,Analyst,8.255125625262856,4.194337058528546
55777,36,True,55818,9,10,2,5,Bachelor's,Engineering,DevOps Engineer,4.458503842765927,10.0
48535,28,True,59652,0,0,2,5,Bachelor's,Support,Customer Specialist,10.0,1.0837493027988314
59853,41,False,30000,9,4,1,3,Bachelor's,Finance,Senior Analyst,1.0929873367840273,1.0
54026,29,True,52124,3,2,1,2,Bachelor's,Finance,Senior Analyst,6.346718538618392,8.93309067351468
56747,48,True,113270,19,9,2,4,Bachelor's,Operations,Operations Coordinator,6.741787296968014,10.0
58497,37,True,92779,4,9,2,3,Master's,HR,HR Executive,10.0,5.063327059436544
49505,45,True,50624,19,4,2,1,Master's,Engineering,DevOps Engineer,10.0,9.60431047699348
42595,19,True,30000,0,5,2,3,Master's,R&D,Researcher,10.0,1.3438402947659345
55481,45,False,72919,18,13,1,3,Master's,HR,HR Manager,6.001022345857544,4.297328733759814
18801,24,False,98198,0,8,1,3,Bachelor's,Finance,Senior Analyst,10.0,4.255577275961217
14518,28,False,81108,2,4,1,2,Master's,Engineering,DevOps Engineer,8.691596823473969,2.842146648949736
21035,29,True,65865,0,3,3,3,Bachelor's,Operations,Operations Coordinator,8.518979332483358,4.453113800870165
34143,38,False,89389,9,12,3,3,Master's,Support,Support Engineer,8.61994851722464,2.801645738624665
52446,18,False,51212,0,13,3,2,High School,R&D,Scientist,9.505338484325003,4.43898563681898
34529,27,False,48585,1,4,3,3,Diploma,Engineering,DevOps Engineer,7.123589274826772,2.1674658180523463
15680,44,True,47822,17,11,3,3,Bachelor's,R&D,Researcher,4.344910307889544,1.0
29536,53,True,30000,28,6,3,3,Master's,HR,HR Manager,4.671319136699875,5.380547090105951
13564,36,False,30000,3,13,2,5,Master's,Engineering,Software Engineer,8.733658506620323,1.957660213048512
31278,27,True,61565,0,12,1,1,Master's,Operations,Ops Manager,9.171088241100758,2.870185389523443
30983,36,False,99024,10,0,1,3,Master's,Support,Customer Specialist,8.177255710588584,3.559263267276897
37576,20,False,30000,0,4,1,2,High School,Sales,Account Executive,3.2792366116307985,3.369065460621328
32505,62,False,80824,33,5,2,4,Bachelor's,Sales,Account Executive,5.945255298892073,1.0448237277555317
37314,48,True,49284,21,6,2,3,Bachelor's,Operations,Operations Coordinator,1.449023237904468,5.443839104042105
11696,26,True,61503,2,9,3,3,Master's,Sales,Account Executive,5.497507732134363,1.9104563806829
47048,33,True,30000,12,8,3,3,High School,Operations,Ops Manager,4.895703789656446,4.5111598077236685
34747,41,False,121658,14,11,3,3,Master's,Support,Support Engineer,9.33791377590398,2.5495219597370538
19287,37,True,37230,12,8,0,2,Bachelor's,Engineering,Software Engineer,5.125023849709158,7.11033288810594
35305,31,True,42382,2,0,3,3,Bachelor's,Operations,Ops Manager,8.972947433318424,1.0
38524,28,True,44677,4,9,3,3,Diploma,Support,Customer Specialist,1.7378253737882172,4.039092961573749
17232,46,False,57319,21,12,0,5,High School,Support,Support Engineer,3.562953335418813,8.779207002916781
35946,21,True,56675,0,9,2,3,Master's,Engineering,ML Engineer,10.0,2.6280627545701583
56470,51,True,61940,21,6,0,2,Bachelor's,Support,Customer Specialist,6.789694379888704,4.251857648455366
30986,26,True,32289,2,7,3,3,Bachelor's,R&D,Researcher,10.0,2.540523974933748
22221,52,True,63230,30,10,2,2,Bachelor's,HR,HR Manager,7.127353804362658,9.77567581637438
24971,43,True,72736,15,2,2,4,Bachelor's,Finance,Analyst,10.0,1.097393696698438
59719,55,False,30000,23,3,3,4,Bachelor's,Engineering,Software Engineer,3.776294675951658,1.0258110565776648
49036,35,True,71691,9,0,0,4,Bachelor's,Finance,Senior Analyst,10.0,1.0
11217,24,False,49024,0,11,3,3,Diploma,R&D,Scientist,10.0,1.704445704604141
11171,53,True,99112,29,13,3,3,Bachelor's,Sales,Account Executive,10.0,6.982441510734898
54888,50,False,118013,21,13,2,2,High School,Support,Support Engineer,8.076888342376202,5.165603478069452
30798,40,False,30000,19,12,0,3,Master's,Sales,Account Executive,3.7636570160918423,5.556521492333681
24284,33,True,45382,6,13,1,4,Bachelor's,Engineering,ML Engineer,7.24486570320389,5.818043315947643
51353,22,False,52164,0,9,3,3,Diploma,Finance,Analyst,3.912308078800393,2.6908514986734757
19628,44,False,106415,22,14,1,4,Master's,HR,HR Executive,10.0,5.951465428027074
35502,33,True,30000,0,0,2,2,Diploma,Engineering,DevOps Engineer,10.0,4.770608478413583
52935,47,False,126564,23,2,2,3,Bachelor's,HR,HR Executive,4.068166036945318,10.0
37278,34,True,30000,12,7,3,3,Bachelor's,R&D,Researcher,10.0,4.88978220074229
35569,40,False,79511,2,13,1,2,Diploma,Sales,Sales Manager,10.0,5.402230910358195
23580,41,False,53740,11,4,0,4,High School,Engineering,DevOps Engineer,10.0,2.109859682723224
35139,33,True,57424,8,8,0,3,High School,Operations,Operations Coordinator,10.0,1.892684158447766
14357,42,False,56327,18,10,3,5,Master's,Finance,Senior Analyst,10.0,3.5792255104864776
36693,40,True,73481,10,5,3,3,Master's,Support,Customer Specialist,8.309865895445434,1.7142472149711514
16420,37,True,30000,16,8,0,3,Bachelor's,Finance,Senior Analyst,10.0,3.1685005064212284
13337,31,True,68361,7,7,3,4,Bachelor's,Support,Customer Specialist,10.0,2.2791838473940755
43707,21,True,60944,0,8,1,4,Bachelor's,R&D,Researcher,1.8425182606397268,1.0
42842,34,False,87829,0,13,0,4,Master's,Engineering,DevOps Engineer,10.0,1.0
36989,18,True,133108,0,3,2,4,High School,Operations,Operations Coordinator,10.0,5.794071457840259
57813,38,True,57931,6,14,0,2,Bachelor's,Sales,Sales Manager,9.76504101063964,5.970103284164344
27240,21,True,30000,0,8,2,3,Bachelor's,Operations,Ops Manager,1.0,5.49033912056079
29461,43,False,30000,10,6,1,3,High School,HR,HR Manager,3.2882375361791043,2.831088710445167
24027,24,True,30000,1,9,0,3,High School,Engineering,ML Engineer,8.95981313311992,8.149637601024956
15846,35,True,30000,14,14,1,4,Bachelor's,Engineering,ML Engineer,1.9104139170441865,2.961347498450668
52600,36,False,134263,12,7,1,4,Master's,Support,Support Engineer,8.070703786805733,1.057376189488143
43239,41,False,30000,19,1,1,3,Bachelor's,Engineering,Software Engineer,2.3337854863408705,3.389141853709539
48520,40,True,30000,10,14,2,3,Diploma,Finance,Senior Analyst,4.348038533114018,1.8043678223550772
39618,50,True,163982,27,12,1,3,Bachelor's,Engineering,DevOps Engineer,10.0,4.435595372084894
40953,18,True,61885,0,9,2,3,Master's,Operations,Operations Coordinator,7.153673000392105,1.0
51660,22,True,30000,0,9,3,4,High School,Engineering,Software Engineer,8.152648304511569,3.2074763239576134
46387,19,False,46956,0,14,1,4,Master's,HR,HR Executive,9.69643019741827,4.946879875620038
54469,25,True,67667,0,9,0,1,High School,HR,HR Manager,9.919230218929677,2.0409624074364983
27069,44,True,108899,17,2,3,4,High School,HR,HR Manager,5.234857217217996,4.404415594596022
55616,34,True,30000,7,1,2,3,Bachelor's,Sales,Account Executive,5.372307504569948,2.362371282760962
57833,37,False,30000,6,8,1,2,Bachelor's,R&D,Scientist,1.0,3.741190342991592
37371,37,True,30000,16,6,0,3,High School,Sales,Sales Manager,1.0,1.3903653188125769
36535,21,False,30000,0,5,0,4,Bachelor's,Operations,Ops Manager,1.0143468105876394,5.139925032243349
29772,35,False,30000,9,9,3,2,Bachelor's,Operations,Ops Manager,2.4701045235714023,1.0
14781,18,True,31589,0,14,2,3,Diploma,Engineering,Software Engineer,9.041914551209585,1.0
34546,55,True,70116,30,2,3,3,Master's,Operations,Operations Coordinator,10.0,10.0
10028,30,True,49929,0,12,1,3,PhD,Support,Customer Specialist,5.550495096032195,1.5818773316021977
36898,30,False,54385,6,9,1,3,Bachelor's,HR,HR Executive,10.0,4.186159895421157
49730,30,False,30000,2,11,3,3,Bachelor's,Sales,Account Executive,2.0354518322097226,5.376811643109098
31356,38,False,70335,13,1,0,4,Master's,R&D,Scientist,6.947096377939441,1.0
