year,host_country,host_city,country,gold,silver,bronze
2020,Japan,Tokyo,Argentina,0,1,2
2020,Japan,Tokyo,Armenia,0,2,2
2020,Japan,Tokyo,Australia,17,7,22
2020,Japan,Tokyo,Austria,1,1,5
2020,Japan,Tokyo,Azerbaijan,0,3,4
2020,Japan,Tokyo,Bahamas,2,0,0
2020,Japan,Tokyo,Bahrain,0,1,0
2020,Japan,Tokyo,Belarus,1,3,3
2020,Japan,Tokyo,Belgium,3,1,3
2020,Japan,Tokyo,Bermuda,1,0,0
2020,Japan,Tokyo,Botswana,0,0,1
2020,Japan,Tokyo,Brazil,7,6,8
2020,Japan,Tokyo,Bulgaria,3,1,2
2020,Japan,Tokyo,Burkina Faso,0,0,1
2020,Japan,Tokyo,Canada,7,7,10
2020,Japan,Tokyo,Chinese Taipei,2,4,6
2020,Japan,Tokyo,Colombia,0,4,1
2020,Japan,Tokyo,Croatia,3,3,2
2020,Japan,Tokyo,Cuba,7,3,5
2020,Japan,Tokyo,Czechia,4,4,3
2020,Japan,Tokyo,Côte d'Ivoire,0,0,1
2020,Japan,Tokyo,Denmark,3,4,4
2020,Japan,Tokyo,Dominican Republic,0,3,2
2020,Japan,Tokyo,Ecuador,2,1,0
2020,Japan,Tokyo,Egypt,1,1,4
2020,Japan,Tokyo,Estonia,1,0,1
2020,Japan,Tokyo,Ethiopia,1,1,2
2020,Japan,Tokyo,Fiji,1,0,1
2020,Japan,Tokyo,Finland,0,0,2
2020,Japan,Tokyo,France,10,12,11
2020,Japan,Tokyo,Georgia,2,5,1
2020,Japan,Tokyo,Germany,10,11,16
2020,Japan,Tokyo,Ghana,0,0,1
2020,Japan,Tokyo,Greece,2,1,1
2020,Japan,Tokyo,Grenada,0,0,1
2020,Japan,Tokyo,"Hong Kong, China",1,2,3
2020,Japan,Tokyo,Hungary,6,7,7
2020,Japan,Tokyo,India,1,2,4
2020,Japan,Tokyo,Indonesia,1,1,3
2020,Japan,Tokyo,Ireland,2,0,2
2020,Japan,Tokyo,Islamic Republic of Iran,3,2,2
2020,Japan,Tokyo,Israel,2,0,2
2020,Japan,Tokyo,Italy,10,10,20
2020,Japan,Tokyo,Jamaica,4,1,4
2020,Japan,Tokyo,Japan,27,14,17
2020,Japan,Tokyo,Jordan,0,1,1
2020,Japan,Tokyo,Kazakhstan,0,0,8
2020,Japan,Tokyo,Kenya,4,4,2
2020,Japan,Tokyo,Kosovo,2,0,0
2020,Japan,Tokyo,Kuwait,0,0,1
2020,Japan,Tokyo,Kyrgyzstan,0,2,1
2020,Japan,Tokyo,Latvia,1,0,1
2020,Japan,Tokyo,Lithuania,0,1,0
2020,Japan,Tokyo,Malaysia,0,1,1
2020,Japan,Tokyo,Mexico,0,0,4
2020,Japan,Tokyo,Moldova,0,0,1
2020,Japan,Tokyo,Mongolia,0,1,3
2020,Japan,Tokyo,Morocco,1,0,0
2020,Japan,Tokyo,Namibia,0,1,0
2020,Japan,Tokyo,Netherlands,10,12,14
2020,Japan,Tokyo,New Zealand,7,6,7
2020,Japan,Tokyo,Nigeria,0,1,1
2020,Japan,Tokyo,North Macedonia,0,1,0
2020,Japan,Tokyo,Norway,4,2,2
2020,Japan,Tokyo,People's Republic of China,38,32,19
2020,Japan,Tokyo,Philippines,1,2,1
2020,Japan,Tokyo,Poland,4,5,5
2020,Japan,Tokyo,Portugal,1,1,2
2020,Japan,Tokyo,Puerto Rico,1,0,0
2020,Japan,Tokyo,Qatar,2,0,1
2020,Japan,Tokyo,ROC,20,28,23
2020,Japan,Tokyo,Republic of Korea,6,4,10
2020,Japan,Tokyo,Romania,1,3,0
2020,Japan,Tokyo,San Marino,0,1,2
2020,Japan,Tokyo,Saudi Arabia,0,1,0
2020,Japan,Tokyo,Serbia,3,1,5
2020,Japan,Tokyo,Slovakia,1,2,1
2020,Japan,Tokyo,Slovenia,3,1,1
2020,Japan,Tokyo,South Africa,1,2,0
2020,Japan,Tokyo,Spain,3,8,6
2020,Japan,Tokyo,Sweden,3,6,0
2020,Japan,Tokyo,Switzerland,3,4,6
2020,Japan,Tokyo,Syrian Arab Republic,0,0,1
2020,Japan,Tokyo,Thailand,1,0,1
2020,Japan,Tokyo,Tunisia,1,1,0
2020,Japan,Tokyo,Turkey,2,2,9
2020,Japan,Tokyo,Turkmenistan,0,1,0
2020,Japan,Tokyo,Uganda,2,1,1
2020,Japan,Tokyo,Ukraine,1,6,12
2020,Japan,Tokyo,United Kingdom,22,20,22
2020,Japan,Tokyo,United States of America,39,41,33
2020,Japan,Tokyo,Uzbekistan,3,0,2
2020,Japan,Tokyo,Venezuela,1,3,0
2016,Brazil,Rio,Algeria,0,2,0
2016,Brazil,Rio,Argentina,3,1,0
2016,Brazil,Rio,Armenia,1,3,0
2016,Brazil,Rio,Australia,8,11,10
2016,Brazil,Rio,Austria,0,0,1
2016,Brazil,Rio,Azerbaijan,1,7,10
2016,Brazil,Rio,Bahamas,1,0,1
2016,Brazil,Rio,Bahrain,1,1,0
2016,Brazil,Rio,Belarus,1,4,4
2016,Brazil,Rio,Belgium,2,2,2
2016,Brazil,Rio,Brazil,7,6,6
2016,Brazil,Rio,Bulgaria,0,1,2
2016,Brazil,Rio,Burundi,0,1,0
2016,Brazil,Rio,Canada,4,3,15
2016,Brazil,Rio,Chinese Taipei,1,0,2
2016,Brazil,Rio,Colombia,3,2,3
2016,Brazil,Rio,Croatia,5,3,2
2016,Brazil,Rio,Cuba,5,2,4
2016,Brazil,Rio,Czechia,1,2,7
2016,Brazil,Rio,Côte d'Ivoire,1,0,1
2016,Brazil,Rio,Democratic People's Republic of Korea,2,3,2
2016,Brazil,Rio,Denmark,2,6,7
2016,Brazil,Rio,Dominican Republic,0,0,1
2016,Brazil,Rio,Egypt,0,0,3
2016,Brazil,Rio,Estonia,0,0,1
2016,Brazil,Rio,Ethiopia,1,2,5
2016,Brazil,Rio,Fiji,1,0,0
2016,Brazil,Rio,Finland,0,0,1
2016,Brazil,Rio,France,10,18,14
2016,Brazil,Rio,Georgia,2,1,4
2016,Brazil,Rio,Germany,17,10,15
2016,Brazil,Rio,Greece,3,1,2
2016,Brazil,Rio,Grenada,0,1,0
2016,Brazil,Rio,Hungary,8,3,4
2016,Brazil,Rio,Independent Olympic Athletes,1,0,1
2016,Brazil,Rio,India,0,1,1
2016,Brazil,Rio,Indonesia,1,2,0
2016,Brazil,Rio,Ireland,0,2,0
2016,Brazil,Rio,Islamic Republic of Iran,3,1,4
2016,Brazil,Rio,Israel,0,0,2
2016,Brazil,Rio,Italy,8,12,8
2016,Brazil,Rio,Jamaica,6,3,2
2016,Brazil,Rio,Japan,12,8,21
2016,Brazil,Rio,Jordan,1,0,0
2016,Brazil,Rio,Kazakhstan,2,5,10
2016,Brazil,Rio,Kenya,6,6,1
2016,Brazil,Rio,Kosovo,1,0,0
2016,Brazil,Rio,Lithuania,0,1,3
2016,Brazil,Rio,Malaysia,0,4,1
2016,Brazil,Rio,Mexico,0,3,2
2016,Brazil,Rio,Mongolia,0,1,1
2016,Brazil,Rio,Morocco,0,0,1
2016,Brazil,Rio,Netherlands,8,7,4
2016,Brazil,Rio,New Zealand,4,9,5
2016,Brazil,Rio,Niger,0,1,0
2016,Brazil,Rio,Nigeria,0,0,1
2016,Brazil,Rio,Norway,0,0,4
2016,Brazil,Rio,People's Republic of China,26,18,26
2016,Brazil,Rio,Philippines,0,1,0
2016,Brazil,Rio,Poland,2,3,6
2016,Brazil,Rio,Portugal,0,0,1
2016,Brazil,Rio,Puerto Rico,1,0,0
2016,Brazil,Rio,Qatar,0,1,0
2016,Brazil,Rio,Republic of Korea,9,3,9
2016,Brazil,Rio,Romania,1,1,2
2016,Brazil,Rio,Russian Federation,19,17,20
2016,Brazil,Rio,Serbia,2,4,2
2016,Brazil,Rio,Singapore,1,0,0
2016,Brazil,Rio,Slovakia,2,2,0
2016,Brazil,Rio,Slovenia,1,2,1
2016,Brazil,Rio,South Africa,2,6,2
2016,Brazil,Rio,Spain,7,4,6
2016,Brazil,Rio,Sweden,2,6,3
2016,Brazil,Rio,Switzerland,3,2,2
2016,Brazil,Rio,Tajikistan,1,0,0
2016,Brazil,Rio,Thailand,2,2,2
2016,Brazil,Rio,Trinidad and Tobago,0,0,1
2016,Brazil,Rio,Tunisia,0,0,3
2016,Brazil,Rio,Turkey,1,3,4
2016,Brazil,Rio,Ukraine,2,5,4
2016,Brazil,Rio,United Arab Emirates,0,0,1
2016,Brazil,Rio,United Kingdom,27,23,17
2016,Brazil,Rio,United States of America,46,37,38
2016,Brazil,Rio,Uzbekistan,4,2,7
2016,Brazil,Rio,Venezuela,0,2,1
2016,Brazil,Rio,Vietnam,1,1,0
2012,Great Britain,London,Afghanistan,0,0,1
2012,Great Britain,London,Algeria,1,0,0
2012,Great Britain,London,Argentina,1,1,2
2012,Great Britain,London,Armenia,0,1,1
2012,Great Britain,London,Australia,8,15,12
2012,Great Britain,London,Azerbaijan,2,2,5
2012,Great Britain,London,Bahamas,1,0,0
2012,Great Britain,London,Bahrain,1,0,0
2012,Great Britain,London,Belarus,2,5,3
2012,Great Britain,London,Belgium,0,1,2
2012,Great Britain,London,Botswana,0,1,0
2012,Great Britain,London,Brazil,3,5,9
2012,Great Britain,London,Bulgaria,0,2,1
2012,Great Britain,London,Cameroon,0,0,1
2012,Great Britain,London,Canada,2,6,10
2012,Great Britain,London,Chinese Taipei,1,0,1
2012,Great Britain,London,Colombia,1,3,5
2012,Great Britain,London,Croatia,3,1,2
2012,Great Britain,London,Cuba,5,3,7
2012,Great Britain,London,Cyprus,0,1,0
2012,Great Britain,London,Czechia,4,4,3
2012,Great Britain,London,Democratic People's Republic of Korea,4,0,2
2012,Great Britain,London,Denmark,2,4,3
2012,Great Britain,London,Dominican Republic,1,1,0
2012,Great Britain,London,Egypt,0,3,1
2012,Great Britain,London,Estonia,0,1,1
2012,Great Britain,London,Ethiopia,3,2,3
2012,Great Britain,London,Finland,0,2,1
2012,Great Britain,London,France,11,11,13
2012,Great Britain,London,Gabon,0,1,0
2012,Great Britain,London,Georgia,1,2,3
2012,Great Britain,London,Germany,11,20,13
2012,Great Britain,London,Greece,0,0,2
2012,Great Britain,London,Grenada,1,0,0
2012,Great Britain,London,Guatemala,0,1,0
2012,Great Britain,London,"Hong Kong, China",0,0,1
2012,Great Britain,London,Hungary,8,4,6
2012,Great Britain,London,India,0,2,4
2012,Great Britain,London,Indonesia,0,2,1
2012,Great Britain,London,Ireland,1,1,4
2012,Great Britain,London,Islamic Republic of Iran,7,5,1
2012,Great Britain,London,Italy,8,9,11
2012,Great Britain,London,Jamaica,4,5,4
2012,Great Britain,London,Japan,7,14,17
2012,Great Britain,London,Kazakhstan,3,1,7
2012,Great Britain,London,Kenya,2,4,7
2012,Great Britain,London,Kuwait,0,0,1
2012,Great Britain,London,Latvia,1,0,1
2012,Great Britain,London,Lithuania,2,0,3
2012,Great Britain,London,Malaysia,0,1,1
2012,Great Britain,London,Mexico,1,3,4
2012,Great Britain,London,Mongolia,0,2,3
2012,Great Britain,London,Montenegro,0,1,0
2012,Great Britain,London,Morocco,0,0,1
2012,Great Britain,London,Netherlands,6,6,8
2012,Great Britain,London,New Zealand,6,2,5
2012,Great Britain,London,Norway,2,1,1
2012,Great Britain,London,People's Republic of China,39,31,22
2012,Great Britain,London,Poland,3,2,6
2012,Great Britain,London,Portugal,0,1,0
2012,Great Britain,London,Puerto Rico,0,1,1
2012,Great Britain,London,Qatar,0,1,1
2012,Great Britain,London,Republic of Korea,13,9,8
2012,Great Britain,London,Romania,2,4,1
2012,Great Britain,London,Russian Federation,18,21,26
2012,Great Britain,London,Saudi Arabia,0,0,1
2012,Great Britain,London,Serbia,1,1,2
2012,Great Britain,London,Singapore,0,0,2
2012,Great Britain,London,Slovakia,0,1,3
2012,Great Britain,London,Slovenia,1,1,2
2012,Great Britain,London,South Africa,4,1,1
2012,Great Britain,London,Spain,4,10,6
2012,Great Britain,London,Sweden,1,4,3
2012,Great Britain,London,Switzerland,2,2,0
2012,Great Britain,London,Tajikistan,0,0,1
2012,Great Britain,London,Thailand,0,2,2
2012,Great Britain,London,Trinidad and Tobago,1,1,2
2012,Great Britain,London,Tunisia,2,0,1
2012,Great Britain,London,Turkey,1,1,1
2012,Great Britain,London,Uganda,1,0,0
2012,Great Britain,London,Ukraine,5,4,10
2012,Great Britain,London,United Kingdom,29,18,18
2012,Great Britain,London,United States of America,48,26,30
2012,Great Britain,London,Uzbekistan,0,0,3
2012,Great Britain,London,Venezuela,1,0,0
2012,Great Britain,London,Vietnam,0,0,1
2008,China,Beijing,Afghanistan,0,0,1
2008,China,Beijing,Algeria,0,1,1
2008,China,Beijing,Argentina,2,0,4
2008,China,Beijing,Armenia,0,1,4
2008,China,Beijing,Australia,14,15,17
2008,China,Beijing,Austria,0,1,2
2008,China,Beijing,Azerbaijan,1,1,4
2008,China,Beijing,Bahamas,0,1,1
2008,China,Beijing,Belarus,3,4,7
2008,China,Beijing,Belgium,2,0,0
2008,China,Beijing,Brazil,3,4,10
2008,China,Beijing,Bulgaria,1,1,3
2008,China,Beijing,Cameroon,1,0,0
2008,China,Beijing,Canada,3,9,8
2008,China,Beijing,Chile,0,1,0
2008,China,Beijing,Chinese Taipei,1,1,2
2008,China,Beijing,Colombia,0,2,1
2008,China,Beijing,Croatia,0,2,3
2008,China,Beijing,Cuba,3,10,17
2008,China,Beijing,Czechia,3,3,1
2008,China,Beijing,Democratic People's Republic of Korea,2,2,2
2008,China,Beijing,Denmark,2,2,3
2008,China,Beijing,Dominican Republic,1,1,0
2008,China,Beijing,Ecuador,0,1,0
2008,China,Beijing,Egypt,0,0,2
2008,China,Beijing,Estonia,1,1,0
2008,China,Beijing,Ethiopia,4,2,1
2008,China,Beijing,Finland,1,1,2
2008,China,Beijing,France,7,16,20
2008,China,Beijing,Georgia,3,2,2
2008,China,Beijing,Germany,16,11,14
2008,China,Beijing,Greece,0,2,1
2008,China,Beijing,Hungary,3,5,2
2008,China,Beijing,Iceland,0,1,0
2008,China,Beijing,India,1,0,2
2008,China,Beijing,Indonesia,1,1,4
2008,China,Beijing,Ireland,0,1,2
2008,China,Beijing,Islamic Republic of Iran,1,0,1
2008,China,Beijing,Israel,0,0,1
2008,China,Beijing,Italy,8,9,10
2008,China,Beijing,Jamaica,5,4,2
2008,China,Beijing,Japan,9,8,8
2008,China,Beijing,Kazakhstan,2,3,4
2008,China,Beijing,Kenya,6,4,6
2008,China,Beijing,Kyrgyzstan,0,1,2
2008,China,Beijing,Latvia,1,1,1
2008,China,Beijing,Lithuania,0,3,2
2008,China,Beijing,Malaysia,0,1,0
2008,China,Beijing,Mauritius,0,0,1
2008,China,Beijing,Mexico,2,0,2
2008,China,Beijing,Moldova,0,0,1
2008,China,Beijing,Mongolia,2,2,0
2008,China,Beijing,Morocco,0,1,1
2008,China,Beijing,Netherlands,7,5,4
2008,China,Beijing,New Zealand,3,2,4
2008,China,Beijing,Nigeria,0,3,2
2008,China,Beijing,Norway,3,5,1
2008,China,Beijing,Panama,1,0,0
2008,China,Beijing,People's Republic of China,48,22,30
2008,China,Beijing,Poland,4,5,2
2008,China,Beijing,Portugal,1,1,0
2008,China,Beijing,Republic of Korea,13,11,8
2008,China,Beijing,Romania,4,1,4
2008,China,Beijing,Russian Federation,24,13,23
2008,China,Beijing,Samoa,0,1,0
2008,China,Beijing,Serbia,0,1,2
2008,China,Beijing,Singapore,0,1,0
2008,China,Beijing,Slovakia,3,3,0
2008,China,Beijing,Slovenia,1,2,2
2008,China,Beijing,South Africa,0,1,0
2008,China,Beijing,Spain,5,11,3
2008,China,Beijing,Sudan,0,1,0
2008,China,Beijing,Sweden,0,4,1
2008,China,Beijing,Switzerland,2,1,4
2008,China,Beijing,Tajikistan,0,1,1
2008,China,Beijing,Thailand,2,2,2
2008,China,Beijing,Togo,0,0,1
2008,China,Beijing,Trinidad and Tobago,1,1,0
2008,China,Beijing,Tunisia,1,0,0
2008,China,Beijing,Turkey,1,1,3
2008,China,Beijing,Ukraine,7,4,11
2008,China,Beijing,United Kingdom,19,13,19
2008,China,Beijing,United States of America,36,39,37
2008,China,Beijing,Uzbekistan,0,1,3
2008,China,Beijing,Venezuela,0,0,1
2008,China,Beijing,Vietnam,0,1,0
2008,China,Beijing,Zimbabwe,1,3,0
2004,Greece,Athens,Argentina,2,0,4
2004,Greece,Athens,Australia,17,16,17
2004,Greece,Athens,Austria,2,4,1
2004,Greece,Athens,Azerbaijan,1,0,4
2004,Greece,Athens,Bahamas,1,0,1
2004,Greece,Athens,Belarus,2,5,6
2004,Greece,Athens,Belgium,1,0,2
2004,Greece,Athens,Brazil,5,2,3
2004,Greece,Athens,Bulgaria,2,1,9
2004,Greece,Athens,Cameroon,1,0,0
2004,Greece,Athens,Canada,3,6,3
2004,Greece,Athens,Chile,2,0,1
2004,Greece,Athens,Chinese Taipei,2,2,1
2004,Greece,Athens,Colombia,0,0,2
2004,Greece,Athens,Croatia,1,2,2
2004,Greece,Athens,Cuba,9,7,11
2004,Greece,Athens,Czechia,1,3,5
2004,Greece,Athens,Democratic People's Republic of Korea,0,4,1
2004,Greece,Athens,Denmark,2,1,5
2004,Greece,Athens,Dominican Republic,1,0,0
2004,Greece,Athens,Egypt,1,1,3
2004,Greece,Athens,Eritrea,0,0,1
2004,Greece,Athens,Estonia,0,1,2
2004,Greece,Athens,Ethiopia,2,3,2
2004,Greece,Athens,Finland,0,2,0
2004,Greece,Athens,France,11,9,13
2004,Greece,Athens,Georgia,2,2,0
2004,Greece,Athens,Germany,13,16,20
2004,Greece,Athens,Greece,6,6,4
2004,Greece,Athens,"Hong Kong, China",0,1,0
2004,Greece,Athens,Hungary,8,6,3
2004,Greece,Athens,India,0,1,0
2004,Greece,Athens,Indonesia,1,1,2
2004,Greece,Athens,Islamic Republic of Iran,2,2,2
2004,Greece,Athens,Israel,1,0,1
2004,Greece,Athens,Italy,10,11,11
2004,Greece,Athens,Jamaica,2,1,2
2004,Greece,Athens,Japan,16,9,12
2004,Greece,Athens,Kazakhstan,1,4,3
2004,Greece,Athens,Kenya,1,4,2
2004,Greece,Athens,Latvia,0,4,0
2004,Greece,Athens,Lithuania,1,2,0
2004,Greece,Athens,Mexico,0,3,1
2004,Greece,Athens,Mongolia,0,0,1
2004,Greece,Athens,Morocco,2,1,0
2004,Greece,Athens,Netherlands,4,9,9
2004,Greece,Athens,New Zealand,3,2,0
2004,Greece,Athens,Nigeria,0,0,2
2004,Greece,Athens,Norway,5,0,1
2004,Greece,Athens,Paraguay,0,1,0
2004,Greece,Athens,People's Republic of China,32,17,14
2004,Greece,Athens,Poland,3,2,5
2004,Greece,Athens,Portugal,0,2,1
2004,Greece,Athens,Republic of Korea,9,12,9
2004,Greece,Athens,Romania,8,5,6
2004,Greece,Athens,Russian Federation,28,26,36
2004,Greece,Athens,Serbia and Montenegro,0,2,0
2004,Greece,Athens,Slovakia,2,2,2
2004,Greece,Athens,Slovenia,0,1,3
2004,Greece,Athens,South Africa,1,3,2
2004,Greece,Athens,Spain,3,11,6
2004,Greece,Athens,Sweden,4,2,1
2004,Greece,Athens,Switzerland,1,1,3
2004,Greece,Athens,Syrian Arab Republic,0,0,1
2004,Greece,Athens,Thailand,3,1,4
2004,Greece,Athens,Trinidad and Tobago,0,0,1
2004,Greece,Athens,Turkey,3,3,4
2004,Greece,Athens,Ukraine,8,5,9
2004,Greece,Athens,United Arab Emirates,1,0,0
2004,Greece,Athens,United Kingdom,9,9,12
2004,Greece,Athens,United States of America,36,39,26
2004,Greece,Athens,Uzbekistan,2,1,2
2004,Greece,Athens,Venezuela,0,0,2
2004,Greece,Athens,Zimbabwe,1,1,1
2000,Australia,Sydney,Algeria,1,1,3
2000,Australia,Sydney,Argentina,0,2,2
2000,Australia,Sydney,Armenia,0,0,1
2000,Australia,Sydney,Australia,16,25,17
2000,Australia,Sydney,Austria,2,1,0
2000,Australia,Sydney,Azerbaijan,2,0,1
2000,Australia,Sydney,Bahamas,2,0,1
2000,Australia,Sydney,Barbados,0,0,1
2000,Australia,Sydney,Belarus,3,3,11
2000,Australia,Sydney,Belgium,0,2,3
2000,Australia,Sydney,Brazil,0,6,6
2000,Australia,Sydney,Bulgaria,5,6,2
2000,Australia,Sydney,Cameroon,1,0,0
2000,Australia,Sydney,Canada,3,3,8
2000,Australia,Sydney,Chile,0,0,1
2000,Australia,Sydney,Chinese Taipei,0,1,4
2000,Australia,Sydney,Colombia,1,0,0
2000,Australia,Sydney,Costa Rica,0,0,2
2000,Australia,Sydney,Croatia,1,0,1
2000,Australia,Sydney,Cuba,11,11,7
2000,Australia,Sydney,Czechia,2,3,3
2000,Australia,Sydney,Democratic People's Republic of Korea,0,1,3
2000,Australia,Sydney,Denmark,2,3,1
2000,Australia,Sydney,Estonia,1,0,2
2000,Australia,Sydney,Ethiopia,4,1,3
2000,Australia,Sydney,Finland,2,1,1
2000,Australia,Sydney,France,13,14,11
2000,Australia,Sydney,Georgia,0,0,6
2000,Australia,Sydney,Germany,13,17,26
2000,Australia,Sydney,Greece,4,6,3
2000,Australia,Sydney,Hungary,8,6,3
2000,Australia,Sydney,Iceland,0,0,1
2000,Australia,Sydney,India,0,0,1
2000,Australia,Sydney,Indonesia,1,3,2
2000,Australia,Sydney,Ireland,0,1,0
2000,Australia,Sydney,Islamic Republic of Iran,3,0,1
2000,Australia,Sydney,Israel,0,0,1
2000,Australia,Sydney,Italy,13,8,13
2000,Australia,Sydney,Jamaica,0,6,3
2000,Australia,Sydney,Japan,5,8,5
2000,Australia,Sydney,Kazakhstan,3,4,0
2000,Australia,Sydney,Kenya,2,3,2
2000,Australia,Sydney,Kuwait,0,0,1
2000,Australia,Sydney,Kyrgyzstan,0,0,1
2000,Australia,Sydney,Latvia,1,1,1
2000,Australia,Sydney,Lithuania,2,0,3
2000,Australia,Sydney,Mexico,1,2,3
2000,Australia,Sydney,Moldova,0,1,1
2000,Australia,Sydney,Morocco,0,1,4
2000,Australia,Sydney,Mozambique,1,0,0
2000,Australia,Sydney,Netherlands,12,9,4
2000,Australia,Sydney,New Zealand,1,0,3
2000,Australia,Sydney,Nigeria,1,2,0
2000,Australia,Sydney,North Macedonia,0,0,1
2000,Australia,Sydney,Norway,4,3,3
2000,Australia,Sydney,People's Republic of China,28,16,14
2000,Australia,Sydney,Poland,6,5,3
2000,Australia,Sydney,Portugal,0,0,2
2000,Australia,Sydney,Qatar,0,0,1
2000,Australia,Sydney,Republic of Korea,8,10,10
2000,Australia,Sydney,Romania,11,6,9
2000,Australia,Sydney,Russian Federation,32,28,29
2000,Australia,Sydney,Saudi Arabia,0,1,1
2000,Australia,Sydney,Serbia and Montenegro,1,1,1
2000,Australia,Sydney,Slovakia,1,3,1
2000,Australia,Sydney,Slovenia,2,0,0
2000,Australia,Sydney,South Africa,0,2,3
2000,Australia,Sydney,Spain,3,3,5
2000,Australia,Sydney,Sri Lanka,0,1,0
2000,Australia,Sydney,Sweden,4,5,3
2000,Australia,Sydney,Switzerland,1,6,2
2000,Australia,Sydney,Thailand,1,0,2
2000,Australia,Sydney,Trinidad and Tobago,0,1,1
2000,Australia,Sydney,Turkey,3,0,2
2000,Australia,Sydney,Ukraine,3,10,10
2000,Australia,Sydney,United Kingdom,11,10,7
2000,Australia,Sydney,United States of America,37,24,32
2000,Australia,Sydney,Uruguay,0,1,0
2000,Australia,Sydney,Uzbekistan,1,1,2
2000,Australia,Sydney,Vietnam,0,1,0
1996,United States,Atlanta,Algeria,2,0,1
1996,United States,Atlanta,Argentina,0,2,1
1996,United States,Atlanta,Armenia,1,1,0
1996,United States,Atlanta,Australia,9,9,23
1996,United States,Atlanta,Austria,0,1,2
1996,United States,Atlanta,Azerbaijan,0,1,0
1996,United States,Atlanta,Bahamas,0,1,0
1996,United States,Atlanta,Belarus,1,6,8
1996,United States,Atlanta,Belgium,2,2,2
1996,United States,Atlanta,Brazil,3,3,9
1996,United States,Atlanta,Bulgaria,3,7,5
1996,United States,Atlanta,Burundi,1,0,0
1996,United States,Atlanta,Canada,3,11,8
1996,United States,Atlanta,Chinese Taipei,0,1,0
1996,United States,Atlanta,Costa Rica,1,0,0
1996,United States,Atlanta,Croatia,1,1,0
1996,United States,Atlanta,Cuba,9,8,8
1996,United States,Atlanta,Czechia,4,3,4
1996,United States,Atlanta,Democratic People's Republic of Korea,2,1,2
1996,United States,Atlanta,Denmark,4,1,1
1996,United States,Atlanta,Ecuador,1,0,0
1996,United States,Atlanta,Ethiopia,2,0,1
1996,United States,Atlanta,Finland,1,2,1
1996,United States,Atlanta,France,15,7,15
1996,United States,Atlanta,Georgia,0,0,2
1996,United States,Atlanta,Germany,20,18,27
1996,United States,Atlanta,Greece,4,4,0
1996,United States,Atlanta,"Hong Kong, China",1,0,0
1996,United States,Atlanta,Hungary,7,4,10
1996,United States,Atlanta,India,0,0,1
1996,United States,Atlanta,Indonesia,1,1,2
1996,United States,Atlanta,Ireland,3,0,1
1996,United States,Atlanta,Islamic Republic of Iran,1,1,1
1996,United States,Atlanta,Israel,0,0,1
1996,United States,Atlanta,Italy,13,10,12
1996,United States,Atlanta,Jamaica,1,3,2
1996,United States,Atlanta,Japan,3,6,5
1996,United States,Atlanta,Kazakhstan,3,4,4
1996,United States,Atlanta,Kenya,1,4,3
1996,United States,Atlanta,Latvia,0,1,0
1996,United States,Atlanta,Lithuania,0,0,1
1996,United States,Atlanta,Malaysia,0,1,1
1996,United States,Atlanta,Mexico,0,0,1
1996,United States,Atlanta,Moldova,0,1,1
1996,United States,Atlanta,Mongolia,0,0,1
1996,United States,Atlanta,Morocco,0,0,2
1996,United States,Atlanta,Mozambique,0,0,1
1996,United States,Atlanta,Namibia,0,2,0
1996,United States,Atlanta,Netherlands,4,5,10
1996,United States,Atlanta,New Zealand,3,2,1
1996,United States,Atlanta,Nigeria,2,1,3
1996,United States,Atlanta,Norway,2,2,3
1996,United States,Atlanta,People's Republic of China,16,22,12
1996,United States,Atlanta,Philippines,0,1,0
1996,United States,Atlanta,Poland,7,5,5
1996,United States,Atlanta,Portugal,1,0,1
1996,United States,Atlanta,Puerto Rico,0,0,1
1996,United States,Atlanta,Republic of Korea,7,15,5
1996,United States,Atlanta,Romania,4,7,9
1996,United States,Atlanta,Russian Federation,26,21,16
1996,United States,Atlanta,Serbia and Montenegro,1,1,2
1996,United States,Atlanta,Slovakia,1,1,1
1996,United States,Atlanta,Slovenia,0,2,0
1996,United States,Atlanta,South Africa,3,1,1
1996,United States,Atlanta,Spain,5,6,6
1996,United States,Atlanta,Sweden,2,4,2
1996,United States,Atlanta,Switzerland,4,3,0
1996,United States,Atlanta,Syrian Arab Republic,1,0,0
1996,United States,Atlanta,Thailand,1,0,1
1996,United States,Atlanta,Tonga,0,1,0
1996,United States,Atlanta,Trinidad and Tobago,0,0,2
1996,United States,Atlanta,Tunisia,0,0,1
1996,United States,Atlanta,Turkey,4,1,1
1996,United States,Atlanta,Uganda,0,0,1
1996,United States,Atlanta,Ukraine,9,2,12
1996,United States,Atlanta,United Kingdom,1,8,6
1996,United States,Atlanta,United States of America,44,32,25
1996,United States,Atlanta,Uzbekistan,0,1,1
1996,United States,Atlanta,Zambia,0,1,0
1992,Spain,Barcelona,Algeria,1,0,1
1992,Spain,Barcelona,Argentina,0,0,1
1992,Spain,Barcelona,Australia,7,9,11
1992,Spain,Barcelona,Austria,0,2,0
1992,Spain,Barcelona,Bahamas,0,0,1
1992,Spain,Barcelona,Belgium,0,1,2
1992,Spain,Barcelona,Brazil,2,1,0
1992,Spain,Barcelona,Bulgaria,3,7,6
1992,Spain,Barcelona,Canada,7,4,7
1992,Spain,Barcelona,Chinese Taipei,0,1,0
1992,Spain,Barcelona,Colombia,0,0,1
1992,Spain,Barcelona,Croatia,0,1,2
1992,Spain,Barcelona,Cuba,14,6,11
1992,Spain,Barcelona,Czechoslovakia,4,2,1
1992,Spain,Barcelona,Democratic People's Republic of Korea,4,0,5
1992,Spain,Barcelona,Denmark,1,1,4
1992,Spain,Barcelona,Estonia,1,0,1
1992,Spain,Barcelona,Ethiopia,1,0,2
1992,Spain,Barcelona,Finland,1,2,2
1992,Spain,Barcelona,France,8,5,16
1992,Spain,Barcelona,Germany,33,21,28
1992,Spain,Barcelona,Ghana,0,0,1
1992,Spain,Barcelona,Greece,2,0,0
1992,Spain,Barcelona,Hungary,11,12,7
1992,Spain,Barcelona,Independent Olympic Athletes,0,1,2
1992,Spain,Barcelona,Indonesia,2,2,1
1992,Spain,Barcelona,Ireland,1,1,0
1992,Spain,Barcelona,Islamic Republic of Iran,0,1,2
1992,Spain,Barcelona,Israel,0,1,1
1992,Spain,Barcelona,Italy,6,5,8
1992,Spain,Barcelona,Jamaica,0,3,1
1992,Spain,Barcelona,Japan,3,8,11
1992,Spain,Barcelona,Kenya,2,4,2
1992,Spain,Barcelona,Latvia,0,2,1
1992,Spain,Barcelona,Lithuania,1,0,1
1992,Spain,Barcelona,Malaysia,0,0,1
1992,Spain,Barcelona,Mexico,0,1,0
1992,Spain,Barcelona,Mongolia,0,0,2
1992,Spain,Barcelona,Morocco,1,1,1
1992,Spain,Barcelona,Namibia,0,2,0
1992,Spain,Barcelona,Netherlands,2,6,7
1992,Spain,Barcelona,New Zealand,1,4,5
1992,Spain,Barcelona,Nigeria,0,3,1
1992,Spain,Barcelona,Norway,2,4,1
1992,Spain,Barcelona,Pakistan,0,0,1
1992,Spain,Barcelona,People's Republic of China,16,22,16
1992,Spain,Barcelona,Peru,0,1,0
1992,Spain,Barcelona,Philippines,0,0,1
1992,Spain,Barcelona,Poland,3,6,10
1992,Spain,Barcelona,Puerto Rico,0,0,1
1992,Spain,Barcelona,Qatar,0,0,1
1992,Spain,Barcelona,Republic of Korea,12,5,12
1992,Spain,Barcelona,Romania,4,6,8
1992,Spain,Barcelona,Slovenia,0,0,2
1992,Spain,Barcelona,South Africa,0,2,0
1992,Spain,Barcelona,Spain,13,7,2
1992,Spain,Barcelona,Suriname,0,0,1
1992,Spain,Barcelona,Sweden,1,7,4
1992,Spain,Barcelona,Switzerland,1,0,0
1992,Spain,Barcelona,Thailand,0,0,1
1992,Spain,Barcelona,Turkey,2,2,2
1992,Spain,Barcelona,Unified Team,45,38,29
1992,Spain,Barcelona,United Kingdom,5,3,12
1992,Spain,Barcelona,United States of America,37,34,37
1988,Republic of Korea,Seoul,Argentina,0,1,1
1988,Republic of Korea,Seoul,Australia,3,6,5
1988,Republic of Korea,Seoul,Austria,1,0,0
1988,Republic of Korea,Seoul,Belgium,0,0,2
1988,Republic of Korea,Seoul,Brazil,1,2,3
1988,Republic of Korea,Seoul,Bulgaria,10,12,13
1988,Republic of Korea,Seoul,Canada,3,2,5
1988,Republic of Korea,Seoul,Chile,0,1,0
1988,Republic of Korea,Seoul,Colombia,0,0,1
1988,Republic of Korea,Seoul,Costa Rica,0,1,0
1988,Republic of Korea,Seoul,Czechoslovakia,3,3,2
1988,Republic of Korea,Seoul,Denmark,2,1,1
1988,Republic of Korea,Seoul,Djibouti,0,0,1
1988,Republic of Korea,Seoul,Federal Republic of Germany,11,14,15
1988,Republic of Korea,Seoul,Finland,1,1,2
1988,Republic of Korea,Seoul,France,6,4,6
1988,Republic of Korea,Seoul,German Democratic Republic (Germany),37,35,30
1988,Republic of Korea,Seoul,Greece,0,0,1
1988,Republic of Korea,Seoul,Hungary,11,6,6
1988,Republic of Korea,Seoul,Indonesia,0,1,0
1988,Republic of Korea,Seoul,Islamic Republic of Iran,0,1,0
1988,Republic of Korea,Seoul,Italy,6,4,4
1988,Republic of Korea,Seoul,Jamaica,0,2,0
1988,Republic of Korea,Seoul,Japan,4,3,7
1988,Republic of Korea,Seoul,Kenya,5,2,2
1988,Republic of Korea,Seoul,Mexico,0,0,2
1988,Republic of Korea,Seoul,Mongolia,0,0,1
1988,Republic of Korea,Seoul,Morocco,1,0,2
1988,Republic of Korea,Seoul,Netherlands,2,2,5
1988,Republic of Korea,Seoul,Netherlands Antilles,0,1,0
1988,Republic of Korea,Seoul,New Zealand,3,2,8
1988,Republic of Korea,Seoul,Norway,2,3,0
1988,Republic of Korea,Seoul,Pakistan,0,0,1
1988,Republic of Korea,Seoul,People's Republic of China,5,11,12
1988,Republic of Korea,Seoul,Peru,0,1,0
1988,Republic of Korea,Seoul,Philippines,0,0,1
1988,Republic of Korea,Seoul,Poland,2,5,9
1988,Republic of Korea,Seoul,Portugal,1,0,0
1988,Republic of Korea,Seoul,Republic of Korea,12,10,11
1988,Republic of Korea,Seoul,Romania,7,11,6
1988,Republic of Korea,Seoul,Senegal,0,1,0
1988,Republic of Korea,Seoul,Spain,1,1,2
1988,Republic of Korea,Seoul,Suriname,1,0,0
1988,Republic of Korea,Seoul,Sweden,0,4,7
1988,Republic of Korea,Seoul,Switzerland,0,2,2
1988,Republic of Korea,Seoul,Thailand,0,0,1
1988,Republic of Korea,Seoul,Turkey,1,1,0
1988,Republic of Korea,Seoul,USSR,55,31,46
1988,Republic of Korea,Seoul,United Kingdom,5,10,9
1988,Republic of Korea,Seoul,United States of America,36,31,27
1988,Republic of Korea,Seoul,"Virgin Islands, US",0,1,0
1988,Republic of Korea,Seoul,Yugoslavia,3,4,5
1984,United States,Los Angeles,Algeria,0,0,2
1984,United States,Los Angeles,Australia,4,8,12
1984,United States,Los Angeles,Austria,1,1,1
1984,United States,Los Angeles,Belgium,1,1,2
1984,United States,Los Angeles,Brazil,1,5,2
1984,United States,Los Angeles,Cameroon,0,0,1
1984,United States,Los Angeles,Canada,10,18,16
1984,United States,Los Angeles,Chinese Taipei,0,0,1
1984,United States,Los Angeles,Colombia,0,1,0
1984,United States,Los Angeles,Côte d'Ivoire,0,1,0
1984,United States,Los Angeles,Denmark,0,3,3
1984,United States,Los Angeles,Dominican Republic,0,0,1
1984,United States,Los Angeles,Egypt,0,1,0
1984,United States,Los Angeles,Federal Republic of Germany,17,19,23
1984,United States,Los Angeles,Finland,4,2,6
1984,United States,Los Angeles,France,5,7,16
1984,United States,Los Angeles,Greece,0,1,1
1984,United States,Los Angeles,Iceland,0,0,1
1984,United States,Los Angeles,Ireland,0,1,0
1984,United States,Los Angeles,Italy,14,6,12
1984,United States,Los Angeles,Jamaica,0,1,2
1984,United States,Los Angeles,Japan,10,8,14
1984,United States,Los Angeles,Kenya,1,0,2
1984,United States,Los Angeles,Mexico,2,3,1
1984,United States,Los Angeles,Morocco,2,0,0
1984,United States,Los Angeles,Netherlands,5,2,6
1984,United States,Los Angeles,New Zealand,8,1,2
1984,United States,Los Angeles,Nigeria,0,1,1
1984,United States,Los Angeles,Norway,0,1,2
1984,United States,Los Angeles,Pakistan,1,0,0
1984,United States,Los Angeles,People's Republic of China,15,8,9
1984,United States,Los Angeles,Peru,0,1,0
1984,United States,Los Angeles,Portugal,1,0,2
1984,United States,Los Angeles,Puerto Rico,0,1,1
1984,United States,Los Angeles,Republic of Korea,6,6,7
1984,United States,Los Angeles,Romania,20,16,17
1984,United States,Los Angeles,Spain,1,2,2
1984,United States,Los Angeles,Sweden,2,11,6
1984,United States,Los Angeles,Switzerland,0,4,4
1984,United States,Los Angeles,Syrian Arab Republic,0,1,0
1984,United States,Los Angeles,Thailand,0,1,0
1984,United States,Los Angeles,Turkey,0,0,3
1984,United States,Los Angeles,United Kingdom,5,11,21
1984,United States,Los Angeles,United States of America,83,61,30
1984,United States,Los Angeles,Venezuela,0,0,3
1984,United States,Los Angeles,Yugoslavia,7,4,7
1984,United States,Los Angeles,Zambia,0,0,1
1980,USSR,Moscow,Australia,2,2,5
1980,USSR,Moscow,Austria,1,2,1
1980,USSR,Moscow,Belgium,1,0,0
1980,USSR,Moscow,Brazil,2,0,2
1980,USSR,Moscow,Bulgaria,8,16,17
1980,USSR,Moscow,Cuba,8,7,5
1980,USSR,Moscow,Czechoslovakia,2,3,9
1980,USSR,Moscow,Democratic People's Republic of Korea,0,3,2
1980,USSR,Moscow,Denmark,2,1,2
1980,USSR,Moscow,Ethiopia,2,0,2
1980,USSR,Moscow,Finland,3,1,4
1980,USSR,Moscow,France,6,5,3
1980,USSR,Moscow,German Democratic Republic (Germany),47,37,42
1980,USSR,Moscow,Greece,1,0,2
1980,USSR,Moscow,Guyana,0,0,1
1980,USSR,Moscow,Hungary,7,10,15
1980,USSR,Moscow,India,1,0,0
1980,USSR,Moscow,Ireland,0,1,1
1980,USSR,Moscow,Italy,8,3,4
1980,USSR,Moscow,Jamaica,0,0,3
1980,USSR,Moscow,Lebanon,0,0,1
1980,USSR,Moscow,Mexico,0,1,3
1980,USSR,Moscow,Mongolia,0,2,2
1980,USSR,Moscow,Netherlands,0,1,2
1980,USSR,Moscow,Poland,3,14,15
1980,USSR,Moscow,Romania,6,6,13
1980,USSR,Moscow,Spain,1,3,2
1980,USSR,Moscow,Sweden,3,3,6
1980,USSR,Moscow,Switzerland,2,0,0
1980,USSR,Moscow,USSR,80,69,46
1980,USSR,Moscow,Uganda,0,1,0
1980,USSR,Moscow,United Kingdom,5,7,9
1980,USSR,Moscow,United Republic of Tanzania,0,2,0
1980,USSR,Moscow,Venezuela,0,1,0
1980,USSR,Moscow,Yugoslavia,2,3,4
1980,USSR,Moscow,Zimbabwe,1,0,0
1976,Canada,Montreal,Australia,0,1,4
1976,Canada,Montreal,Austria,0,0,1
1976,Canada,Montreal,Belgium,0,3,3
1976,Canada,Montreal,Bermuda,0,0,1
1976,Canada,Montreal,Brazil,0,0,2
1976,Canada,Montreal,Bulgaria,6,9,7
1976,Canada,Montreal,Canada,0,5,6
1976,Canada,Montreal,Cuba,6,4,3
1976,Canada,Montreal,Czechoslovakia,2,2,4
1976,Canada,Montreal,Democratic People's Republic of Korea,1,1,0
1976,Canada,Montreal,Denmark,1,0,2
1976,Canada,Montreal,Federal Republic of Germany,10,12,17
1976,Canada,Montreal,Finland,4,2,0
1976,Canada,Montreal,France,2,3,4
1976,Canada,Montreal,German Democratic Republic (Germany),40,25,25
1976,Canada,Montreal,Hungary,4,5,13
1976,Canada,Montreal,Islamic Republic of Iran,0,1,1
1976,Canada,Montreal,Italy,2,7,4
1976,Canada,Montreal,Jamaica,1,1,0
1976,Canada,Montreal,Japan,9,6,10
1976,Canada,Montreal,Mexico,1,0,1
1976,Canada,Montreal,Mongolia,0,1,0
1976,Canada,Montreal,Netherlands,0,2,3
1976,Canada,Montreal,New Zealand,2,1,1
1976,Canada,Montreal,Norway,1,1,0
1976,Canada,Montreal,Pakistan,0,0,1
1976,Canada,Montreal,Poland,7,6,13
1976,Canada,Montreal,Portugal,0,2,0
1976,Canada,Montreal,Puerto Rico,0,0,1
1976,Canada,Montreal,Republic of Korea,1,1,4
1976,Canada,Montreal,Romania,4,9,14
1976,Canada,Montreal,Spain,0,2,0
1976,Canada,Montreal,Sweden,4,1,0
1976,Canada,Montreal,Switzerland,1,1,2
1976,Canada,Montreal,Thailand,0,0,1
1976,Canada,Montreal,Trinidad and Tobago,1,0,0
1976,Canada,Montreal,USSR,49,41,35
1976,Canada,Montreal,United Kingdom,3,5,5
1976,Canada,Montreal,United States of America,34,35,25
1976,Canada,Montreal,Venezuela,0,1,0
1976,Canada,Montreal,Yugoslavia,2,3,3
1972,Federal Republic of Germany,Munich,Argentina,0,1,0
1972,Federal Republic of Germany,Munich,Australia,8,7,2
1972,Federal Republic of Germany,Munich,Austria,0,1,2
1972,Federal Republic of Germany,Munich,Belgium,0,2,0
1972,Federal Republic of Germany,Munich,Brazil,0,0,2
1972,Federal Republic of Germany,Munich,Bulgaria,6,10,5
1972,Federal Republic of Germany,Munich,Canada,0,2,3
1972,Federal Republic of Germany,Munich,Colombia,0,1,2
1972,Federal Republic of Germany,Munich,Cuba,3,1,4
1972,Federal Republic of Germany,Munich,Czechoslovakia,2,4,2
1972,Federal Republic of Germany,Munich,Democratic People's Republic of Korea,1,1,3
1972,Federal Republic of Germany,Munich,Denmark,1,0,0
1972,Federal Republic of Germany,Munich,Ethiopia,0,0,2
1972,Federal Republic of Germany,Munich,Federal Republic of Germany,13,11,16
1972,Federal Republic of Germany,Munich,Finland,3,1,4
1972,Federal Republic of Germany,Munich,France,2,4,7
1972,Federal Republic of Germany,Munich,German Democratic Republic (Germany),20,23,23
1972,Federal Republic of Germany,Munich,Ghana,0,0,1
1972,Federal Republic of Germany,Munich,Greece,0,2,0
1972,Federal Republic of Germany,Munich,Hungary,6,13,16
1972,Federal Republic of Germany,Munich,India,0,0,1
1972,Federal Republic of Germany,Munich,Islamic Republic of Iran,0,2,1
1972,Federal Republic of Germany,Munich,Italy,5,3,10
1972,Federal Republic of Germany,Munich,Jamaica,0,0,1
1972,Federal Republic of Germany,Munich,Japan,13,8,8
1972,Federal Republic of Germany,Munich,Kenya,2,3,4
1972,Federal Republic of Germany,Munich,Lebanon,0,1,0
1972,Federal Republic of Germany,Munich,Mexico,0,1,0
1972,Federal Republic of Germany,Munich,Mongolia,0,1,0
1972,Federal Republic of Germany,Munich,Netherlands,3,1,1
1972,Federal Republic of Germany,Munich,New Zealand,1,1,1
1972,Federal Republic of Germany,Munich,Niger,0,0,1
1972,Federal Republic of Germany,Munich,Nigeria,0,0,1
1972,Federal Republic of Germany,Munich,Norway,2,1,1
1972,Federal Republic of Germany,Munich,Pakistan,0,1,0
1972,Federal Republic of Germany,Munich,Poland,7,5,9
1972,Federal Republic of Germany,Munich,Republic of Korea,0,1,0
1972,Federal Republic of Germany,Munich,Romania,3,6,7
1972,Federal Republic of Germany,Munich,Spain,0,0,1
1972,Federal Republic of Germany,Munich,Sweden,4,6,6
1972,Federal Republic of Germany,Munich,Switzerland,0,3,0
1972,Federal Republic of Germany,Munich,Tunisia,0,1,0
1972,Federal Republic of Germany,Munich,Turkey,0,1,0
1972,Federal Republic of Germany,Munich,USSR,50,27,22
1972,Federal Republic of Germany,Munich,Uganda,1,1,0
1972,Federal Republic of Germany,Munich,United Kingdom,4,5,9
1972,Federal Republic of Germany,Munich,United States of America,33,31,30
1972,Federal Republic of Germany,Munich,Yugoslavia,2,1,2
1968,Mexico,Mexico City,Argentina,0,0,2
1968,Mexico,Mexico City,Australia,5,7,5
1968,Mexico,Mexico City,Austria,0,2,2
1968,Mexico,Mexico City,Belgium,0,1,1
1968,Mexico,Mexico City,Brazil,0,1,2
1968,Mexico,Mexico City,Bulgaria,2,4,3
1968,Mexico,Mexico City,Cameroon,0,1,0
1968,Mexico,Mexico City,Canada,1,3,1
1968,Mexico,Mexico City,Chinese Taipei,0,0,1
1968,Mexico,Mexico City,Cuba,0,4,0
1968,Mexico,Mexico City,Czechoslovakia,7,2,4
1968,Mexico,Mexico City,Denmark,1,4,3
1968,Mexico,Mexico City,Ethiopia,1,1,0
1968,Mexico,Mexico City,Federal Republic of Germany,5,11,10
1968,Mexico,Mexico City,Finland,1,2,1
1968,Mexico,Mexico City,France,7,3,5
1968,Mexico,Mexico City,German Democratic Republic (Germany),9,9,7
1968,Mexico,Mexico City,Greece,0,0,1
1968,Mexico,Mexico City,Hungary,10,10,12
1968,Mexico,Mexico City,India,0,0,1
1968,Mexico,Mexico City,Islamic Republic of Iran,2,1,2
1968,Mexico,Mexico City,Italy,3,4,9
1968,Mexico,Mexico City,Jamaica,0,1,0
1968,Mexico,Mexico City,Japan,11,7,7
1968,Mexico,Mexico City,Kenya,3,4,2
1968,Mexico,Mexico City,Mexico,3,3,3
1968,Mexico,Mexico City,Mongolia,0,1,3
1968,Mexico,Mexico City,Netherlands,3,3,1
1968,Mexico,Mexico City,New Zealand,1,0,2
1968,Mexico,Mexico City,Norway,1,1,0
1968,Mexico,Mexico City,Pakistan,1,0,0
1968,Mexico,Mexico City,Poland,5,2,11
1968,Mexico,Mexico City,Republic of Korea,0,1,1
1968,Mexico,Mexico City,Romania,4,6,5
1968,Mexico,Mexico City,Sweden,2,1,1
1968,Mexico,Mexico City,Switzerland,0,1,4
1968,Mexico,Mexico City,Tunisia,1,0,1
1968,Mexico,Mexico City,Turkey,2,0,0
1968,Mexico,Mexico City,USSR,29,32,30
1968,Mexico,Mexico City,Uganda,0,1,1
1968,Mexico,Mexico City,United Kingdom,5,5,3
1968,Mexico,Mexico City,United States of America,45,28,34
1968,Mexico,Mexico City,Venezuela,1,0,0
1968,Mexico,Mexico City,Yugoslavia,3,3,2
1964,Japan,Tokyo,Argentina,0,1,0
1964,Japan,Tokyo,Australia,6,2,10
1964,Japan,Tokyo,Bahamas,1,0,0
1964,Japan,Tokyo,Belgium,2,0,1
1964,Japan,Tokyo,Brazil,0,0,1
1964,Japan,Tokyo,Bulgaria,3,5,2
1964,Japan,Tokyo,Canada,1,2,1
1964,Japan,Tokyo,Cuba,0,1,0
1964,Japan,Tokyo,Czechoslovakia,5,6,3
1964,Japan,Tokyo,Denmark,2,1,3
1964,Japan,Tokyo,Ethiopia,1,0,0
1964,Japan,Tokyo,Finland,3,0,2
1964,Japan,Tokyo,France,1,8,6
1964,Japan,Tokyo,Germany,10,22,18
1964,Japan,Tokyo,Ghana,0,0,1
1964,Japan,Tokyo,Hungary,10,7,5
1964,Japan,Tokyo,India,1,0,0
1964,Japan,Tokyo,Ireland,0,0,1
1964,Japan,Tokyo,Islamic Republic of Iran,0,0,2
1964,Japan,Tokyo,Italy,10,10,7
1964,Japan,Tokyo,Japan,16,5,8
1964,Japan,Tokyo,Kenya,0,0,1
1964,Japan,Tokyo,Mexico,0,0,1
1964,Japan,Tokyo,Netherlands,2,4,4
1964,Japan,Tokyo,New Zealand,3,0,2
1964,Japan,Tokyo,Nigeria,0,0,1
1964,Japan,Tokyo,Pakistan,0,1,0
1964,Japan,Tokyo,Philippines,0,1,0
1964,Japan,Tokyo,Poland,7,6,10
1964,Japan,Tokyo,Republic of Korea,0,2,1
1964,Japan,Tokyo,Romania,2,4,6
1964,Japan,Tokyo,Sweden,2,2,4
1964,Japan,Tokyo,Switzerland,1,2,1
1964,Japan,Tokyo,Trinidad and Tobago,0,1,2
1964,Japan,Tokyo,Tunisia,0,1,1
1964,Japan,Tokyo,Turkey,2,3,1
1964,Japan,Tokyo,USSR,30,31,35
1964,Japan,Tokyo,United Kingdom,4,12,2
1964,Japan,Tokyo,United States of America,36,26,28
1964,Japan,Tokyo,Uruguay,0,0,1
1964,Japan,Tokyo,Yugoslavia,2,1,2
1960,Italy,Rome,Argentina,0,1,1
1960,Italy,Rome,Australia,8,8,6
1960,Italy,Rome,Austria,1,1,0
1960,Italy,Rome,Belgium,0,2,2
1960,Italy,Rome,Brazil,0,0,2
1960,Italy,Rome,Bulgaria,1,3,3
1960,Italy,Rome,Canada,0,1,0
1960,Italy,Rome,Chinese Taipei,0,1,0
1960,Italy,Rome,Czechoslovakia,3,2,3
1960,Italy,Rome,Denmark,2,3,1
1960,Italy,Rome,Ethiopia,1,0,0
1960,Italy,Rome,Finland,1,1,3
1960,Italy,Rome,France,0,2,3
1960,Italy,Rome,Germany,12,19,11
1960,Italy,Rome,Ghana,0,1,0
1960,Italy,Rome,Greece,1,0,0
1960,Italy,Rome,Hungary,6,8,7
1960,Italy,Rome,India,0,1,0
1960,Italy,Rome,Iraq,0,0,1
1960,Italy,Rome,Islamic Republic of Iran,0,1,3
1960,Italy,Rome,Italy,13,10,13
1960,Italy,Rome,Jamaica,0,0,2
1960,Italy,Rome,Japan,4,7,7
1960,Italy,Rome,Mexico,0,0,1
1960,Italy,Rome,Morocco,0,1,0
1960,Italy,Rome,Netherlands,0,1,2
1960,Italy,Rome,New Zealand,2,0,1
1960,Italy,Rome,Norway,1,0,0
1960,Italy,Rome,Pakistan,1,0,1
1960,Italy,Rome,Poland,4,6,11
1960,Italy,Rome,Portugal,0,1,0
1960,Italy,Rome,Romania,3,1,6
1960,Italy,Rome,Singapore,0,1,0
1960,Italy,Rome,South Africa,0,1,2
1960,Italy,Rome,Spain,0,0,1
1960,Italy,Rome,Sweden,1,2,3
1960,Italy,Rome,Switzerland,0,3,3
1960,Italy,Rome,Turkey,7,2,0
1960,Italy,Rome,USSR,43,29,31
1960,Italy,Rome,United Arab Emirates,0,1,1
1960,Italy,Rome,United Kingdom,2,6,12
1960,Italy,Rome,United States of America,34,21,16
1960,Italy,Rome,Venezuela,0,0,1
1960,Italy,Rome,Yugoslavia,1,1,0
1956,"Australia, Sweden",Melbourne,Argentina,0,1,1
1956,"Australia, Sweden",Melbourne,Australia,13,8,14
1956,"Australia, Sweden",Melbourne,Austria,0,0,2
1956,"Australia, Sweden",Melbourne,Bahamas,0,0,1
1956,"Australia, Sweden",Melbourne,Belgium,0,2,0
1956,"Australia, Sweden",Melbourne,Brazil,1,0,0
1956,"Australia, Sweden",Melbourne,Bulgaria,1,3,1
1956,"Australia, Sweden",Melbourne,Canada,2,1,2
1956,"Australia, Sweden",Melbourne,Chile,0,2,2
1956,"Australia, Sweden",Melbourne,Czechoslovakia,1,4,1
1956,"Australia, Sweden",Melbourne,Denmark,1,1,1
1956,"Australia, Sweden",Melbourne,Finland,3,1,11
1956,"Australia, Sweden",Melbourne,France,4,4,6
1956,"Australia, Sweden",Melbourne,Germany,4,10,6
1956,"Australia, Sweden",Melbourne,Greece,0,0,1
1956,"Australia, Sweden",Melbourne,Hungary,9,10,7
1956,"Australia, Sweden",Melbourne,Iceland,0,1,0
1956,"Australia, Sweden",Melbourne,India,1,0,0
1956,"Australia, Sweden",Melbourne,Ireland,1,1,3
1956,"Australia, Sweden",Melbourne,Islamic Republic of Iran,2,2,1
1956,"Australia, Sweden",Melbourne,Italy,8,6,8
1956,"Australia, Sweden",Melbourne,Japan,4,10,5
1956,"Australia, Sweden",Melbourne,Mexico,1,0,1
1956,"Australia, Sweden",Melbourne,New Zealand,2,0,0
1956,"Australia, Sweden",Melbourne,Norway,1,0,2
1956,"Australia, Sweden",Melbourne,Pakistan,0,1,0
1956,"Australia, Sweden",Melbourne,Poland,1,4,4
1956,"Australia, Sweden",Melbourne,Republic of Korea,0,1,1
1956,"Australia, Sweden",Melbourne,Romania,5,3,5
1956,"Australia, Sweden",Melbourne,South Africa,0,0,4
1956,"Australia, Sweden",Melbourne,Sweden,5,5,6
1956,"Australia, Sweden",Melbourne,Turkey,3,2,2
1956,"Australia, Sweden",Melbourne,USSR,37,29,32
1956,"Australia, Sweden",Melbourne,United Kingdom,5,7,9
1956,"Australia, Sweden",Melbourne,United States of America,32,25,17
1956,"Australia, Sweden",Melbourne,Uruguay,0,0,1
1956,"Australia, Sweden",Melbourne,Yugoslavia,0,3,0
1952,Finland,Helsinki,Argentina,1,2,2
1952,Finland,Helsinki,Australia,6,2,3
1952,Finland,Helsinki,Austria,0,1,1
1952,Finland,Helsinki,Belgium,2,2,0
1952,Finland,Helsinki,Brazil,1,0,2
1952,Finland,Helsinki,Bulgaria,0,0,1
1952,Finland,Helsinki,Canada,1,2,0
1952,Finland,Helsinki,Chile,0,2,0
1952,Finland,Helsinki,Czechoslovakia,7,3,3
1952,Finland,Helsinki,Denmark,2,1,3
1952,Finland,Helsinki,Egypt,0,0,1
1952,Finland,Helsinki,Finland,6,3,13
1952,Finland,Helsinki,France,6,6,6
1952,Finland,Helsinki,Germany,0,7,17
1952,Finland,Helsinki,Hungary,16,10,16
1952,Finland,Helsinki,India,1,0,1
1952,Finland,Helsinki,Ireland,0,1,0
1952,Finland,Helsinki,Islamic Republic of Iran,0,3,4
1952,Finland,Helsinki,Italy,8,9,4
1952,Finland,Helsinki,Jamaica,2,3,0
1952,Finland,Helsinki,Japan,1,6,2
1952,Finland,Helsinki,Lebanon,0,1,1
1952,Finland,Helsinki,Luxembourg,1,0,0
1952,Finland,Helsinki,Mexico,0,1,0
1952,Finland,Helsinki,Netherlands,0,5,0
1952,Finland,Helsinki,New Zealand,1,0,2
1952,Finland,Helsinki,Norway,3,2,0
1952,Finland,Helsinki,Poland,1,2,1
1952,Finland,Helsinki,Portugal,0,0,1
1952,Finland,Helsinki,Republic of Korea,0,0,2
1952,Finland,Helsinki,Romania,1,1,2
1952,Finland,Helsinki,South Africa,2,4,4
1952,Finland,Helsinki,Spain,0,1,0
1952,Finland,Helsinki,Sweden,12,13,10
1952,Finland,Helsinki,Switzerland,2,6,6
1952,Finland,Helsinki,Trinidad and Tobago,0,0,2
1952,Finland,Helsinki,Turkey,2,0,1
1952,Finland,Helsinki,USSR,22,30,19
1952,Finland,Helsinki,United Kingdom,1,2,8
1952,Finland,Helsinki,United States of America,40,19,17
1952,Finland,Helsinki,Uruguay,0,0,2
1952,Finland,Helsinki,Venezuela,0,0,1
1952,Finland,Helsinki,Yugoslavia,1,2,0
1948,Great Britain,London,Argentina,3,3,1
1948,Great Britain,London,Australia,2,6,5
1948,Great Britain,London,Austria,2,2,4
1948,Great Britain,London,Belgium,2,2,3
1948,Great Britain,London,Brazil,0,0,1
1948,Great Britain,London,Canada,0,2,2
1948,Great Britain,London,Cuba,0,1,0
1948,Great Britain,London,Czechoslovakia,6,2,3
1948,Great Britain,London,Denmark,5,8,9
1948,Great Britain,London,Egypt,2,2,1
1948,Great Britain,London,Finland,10,8,6
1948,Great Britain,London,France,11,6,15
1948,Great Britain,London,Hungary,10,5,13
1948,Great Britain,London,India,1,0,0
1948,Great Britain,London,Ireland,0,0,1
1948,Great Britain,London,Islamic Republic of Iran,0,0,1
1948,Great Britain,London,Italy,9,12,10
1948,Great Britain,London,Jamaica,1,2,0
1948,Great Britain,London,Mexico,2,1,2
1948,Great Britain,London,Netherlands,5,2,9
1948,Great Britain,London,Norway,1,3,3
1948,Great Britain,London,Panama,0,0,2
1948,Great Britain,London,Peru,1,0,0
1948,Great Britain,London,Poland,1,0,1
1948,Great Britain,London,Portugal,0,1,1
1948,Great Britain,London,Puerto Rico,0,0,1
1948,Great Britain,London,Republic of Korea,0,0,2
1948,Great Britain,London,South Africa,2,2,2
1948,Great Britain,London,Spain,0,1,0
1948,Great Britain,London,Sri Lanka,0,1,0
1948,Great Britain,London,Sweden,17,11,18
1948,Great Britain,London,Switzerland,5,12,6
1948,Great Britain,London,Trinidad and Tobago,0,1,0
1948,Great Britain,London,Turkey,6,4,2
1948,Great Britain,London,United Kingdom,4,16,7
1948,Great Britain,London,United States of America,38,27,19
1948,Great Britain,London,Uruguay,0,1,1
1948,Great Britain,London,Yugoslavia,0,2,0
1936,Germany,Berlin,Argentina,2,2,3
1936,Germany,Berlin,Australia,0,0,1
1936,Germany,Berlin,Austria,5,7,5
1936,Germany,Berlin,Belgium,0,0,3
1936,Germany,Berlin,Canada,1,3,5
1936,Germany,Berlin,Czechoslovakia,3,5,1
1936,Germany,Berlin,Denmark,0,2,3
1936,Germany,Berlin,Egypt,2,1,2
1936,Germany,Berlin,Estonia,2,2,3
1936,Germany,Berlin,Finland,8,6,6
1936,Germany,Berlin,France,7,6,6
1936,Germany,Berlin,Germany,38,31,32
1936,Germany,Berlin,Hungary,10,1,5
1936,Germany,Berlin,India,1,0,0
1936,Germany,Berlin,Italy,9,13,5
1936,Germany,Berlin,Japan,6,4,10
1936,Germany,Berlin,Latvia,0,1,1
1936,Germany,Berlin,Mexico,0,0,3
1936,Germany,Berlin,Netherlands,6,4,7
1936,Germany,Berlin,New Zealand,1,0,0
1936,Germany,Berlin,Norway,1,3,2
1936,Germany,Berlin,Philippines,0,0,1
1936,Germany,Berlin,Poland,0,4,5
1936,Germany,Berlin,Portugal,0,0,1
1936,Germany,Berlin,Romania,0,1,0
1936,Germany,Berlin,South Africa,0,1,0
1936,Germany,Berlin,Sweden,6,5,10
1936,Germany,Berlin,Switzerland,4,9,5
1936,Germany,Berlin,Turkey,1,0,1
1936,Germany,Berlin,United Kingdom,4,7,3
1936,Germany,Berlin,United States of America,24,21,12
1936,Germany,Berlin,Yugoslavia,0,1,0
1932,United States,Los Angeles,Argentina,3,1,0
1932,United States,Los Angeles,Australia,3,1,1
1932,United States,Los Angeles,Austria,1,1,3
1932,United States,Los Angeles,Belgium,0,0,1
1932,United States,Los Angeles,Canada,2,5,9
1932,United States,Los Angeles,Czechoslovakia,1,3,2
1932,United States,Los Angeles,Denmark,0,5,3
1932,United States,Los Angeles,Finland,5,8,12
1932,United States,Los Angeles,France,11,5,4
1932,United States,Los Angeles,Germany,5,12,7
1932,United States,Los Angeles,Hungary,6,5,5
1932,United States,Los Angeles,India,1,0,0
1932,United States,Los Angeles,Ireland,2,0,0
1932,United States,Los Angeles,Italy,12,12,12
1932,United States,Los Angeles,Japan,7,7,4
1932,United States,Los Angeles,Latvia,0,1,0
1932,United States,Los Angeles,Mexico,0,2,0
1932,United States,Los Angeles,Netherlands,2,5,1
1932,United States,Los Angeles,New Zealand,0,1,0
1932,United States,Los Angeles,Philippines,0,0,3
1932,United States,Los Angeles,Poland,3,2,4
1932,United States,Los Angeles,South Africa,2,0,3
1932,United States,Los Angeles,Spain,0,0,1
1932,United States,Los Angeles,Sweden,10,5,9
1932,United States,Los Angeles,Switzerland,0,1,0
1932,United States,Los Angeles,United Kingdom,5,7,5
1932,United States,Los Angeles,United States of America,44,36,30
1932,United States,Los Angeles,Uruguay,0,0,1
1928,Netherlands,Amsterdam,Argentina,3,3,1
1928,Netherlands,Amsterdam,Australia,1,2,1
1928,Netherlands,Amsterdam,Austria,3,0,1
1928,Netherlands,Amsterdam,Belgium,0,1,2
1928,Netherlands,Amsterdam,Canada,4,4,7
1928,Netherlands,Amsterdam,Chile,0,1,0
1928,Netherlands,Amsterdam,Czechoslovakia,2,5,2
1928,Netherlands,Amsterdam,Denmark,3,2,4
1928,Netherlands,Amsterdam,Egypt,2,1,1
1928,Netherlands,Amsterdam,Estonia,2,1,2
1928,Netherlands,Amsterdam,Finland,8,8,9
1928,Netherlands,Amsterdam,France,7,12,6
1928,Netherlands,Amsterdam,Germany,11,9,19
1928,Netherlands,Amsterdam,Haiti,0,1,0
1928,Netherlands,Amsterdam,Hungary,5,5,0
1928,Netherlands,Amsterdam,India,1,0,0
1928,Netherlands,Amsterdam,Ireland,1,0,0
1928,Netherlands,Amsterdam,Italy,7,6,7
1928,Netherlands,Amsterdam,Japan,2,2,1
1928,Netherlands,Amsterdam,Luxembourg,1,0,0
1928,Netherlands,Amsterdam,Netherlands,8,10,5
1928,Netherlands,Amsterdam,New Zealand,1,0,0
1928,Netherlands,Amsterdam,Norway,1,2,1
1928,Netherlands,Amsterdam,Philippines,0,0,1
1928,Netherlands,Amsterdam,Poland,2,1,4
1928,Netherlands,Amsterdam,Portugal,0,0,1
1928,Netherlands,Amsterdam,South Africa,1,0,2
1928,Netherlands,Amsterdam,Spain,1,0,0
1928,Netherlands,Amsterdam,Sweden,7,6,12
1928,Netherlands,Amsterdam,Switzerland,7,6,4
1928,Netherlands,Amsterdam,United Kingdom,4,11,7
1928,Netherlands,Amsterdam,United States of America,22,18,16
1928,Netherlands,Amsterdam,Uruguay,1,0,0
1928,Netherlands,Amsterdam,Yugoslavia,1,1,3
1924,France,Paris,Argentina,1,3,2
1924,France,Paris,Australia,3,1,2
1924,France,Paris,Austria,0,3,1
1924,France,Paris,Belgium,3,7,3
1924,France,Paris,Canada,0,3,1
1924,France,Paris,Czechoslovakia,1,4,5
1924,France,Paris,Denmark,2,6,3
1924,France,Paris,Estonia,1,1,4
1924,France,Paris,Finland,14,13,10
1924,France,Paris,France,14,15,12
1924,France,Paris,Greece,1,0,0
1924,France,Paris,Haiti,0,0,1
1924,France,Paris,Hungary,2,4,4
1924,France,Paris,Ireland,0,1,1
1924,France,Paris,Italy,8,3,5
1924,France,Paris,Japan,0,0,1
1924,France,Paris,Luxembourg,1,1,0
1924,France,Paris,Monaco,0,0,1
1924,France,Paris,Netherlands,4,1,6
1924,France,Paris,New Zealand,0,0,1
1924,France,Paris,Norway,5,2,3
1924,France,Paris,Poland,0,1,1
1924,France,Paris,Portugal,0,0,1
1924,France,Paris,Romania,0,0,1
1924,France,Paris,South Africa,1,1,1
1924,France,Paris,Sweden,4,13,12
1924,France,Paris,Switzerland,7,8,10
1924,France,Paris,United Kingdom,9,14,12
1924,France,Paris,United States of America,45,27,27
1924,France,Paris,Uruguay,1,0,0
1924,France,Paris,Yugoslavia,2,0,0
1920,Belgium,Antwerp,Australia,0,2,1
1920,Belgium,Antwerp,Belgium,16,12,14
1920,Belgium,Antwerp,Brazil,1,1,1
1920,Belgium,Antwerp,Canada,3,3,3
1920,Belgium,Antwerp,Czechoslovakia,0,0,2
1920,Belgium,Antwerp,Denmark,3,9,1
1920,Belgium,Antwerp,Estonia,1,2,0
1920,Belgium,Antwerp,Finland,15,10,9
1920,Belgium,Antwerp,France,9,20,13
1920,Belgium,Antwerp,Greece,0,1,0
1920,Belgium,Antwerp,Italy,14,6,5
1920,Belgium,Antwerp,Japan,0,2,0
1920,Belgium,Antwerp,Luxembourg,0,1,0
1920,Belgium,Antwerp,Netherlands,4,2,5
1920,Belgium,Antwerp,New Zealand,0,0,1
1920,Belgium,Antwerp,Norway,13,10,9
1920,Belgium,Antwerp,South Africa,3,4,3
1920,Belgium,Antwerp,Spain,0,2,0
1920,Belgium,Antwerp,Sweden,19,20,25
1920,Belgium,Antwerp,Switzerland,2,2,7
1920,Belgium,Antwerp,United Kingdom,14,16,13
1920,Belgium,Antwerp,United States of America,41,27,27
1912,Sweden,Stockholm,Australia,2,2,3
1912,Sweden,Stockholm,Austria,0,2,2
1912,Sweden,Stockholm,Belgium,2,1,3
1912,Sweden,Stockholm,Canada,3,2,3
1912,Sweden,Stockholm,Denmark,1,6,5
1912,Sweden,Stockholm,Finland,9,8,9
1912,Sweden,Stockholm,France,7,5,3
1912,Sweden,Stockholm,Germany,6,13,7
1912,Sweden,Stockholm,Greece,1,0,1
1912,Sweden,Stockholm,Hungary,3,2,3
1912,Sweden,Stockholm,Italy,5,1,2
1912,Sweden,Stockholm,Netherlands,0,0,3
1912,Sweden,Stockholm,Norway,3,2,5
1912,Sweden,Stockholm,Russian Federation,0,2,3
1912,Sweden,Stockholm,South Africa,4,2,0
1912,Sweden,Stockholm,Sweden,23,25,17
1912,Sweden,Stockholm,Switzerland,1,0,0
1912,Sweden,Stockholm,United Kingdom,10,15,16
1912,Sweden,Stockholm,United States of America,26,19,19
1908,Great Britain,London,Australia,1,2,2
1908,Great Britain,London,Austria,0,0,1
1908,Great Britain,London,Belgium,1,5,2
1908,Great Britain,London,Canada,3,3,10
1908,Great Britain,London,Czechia,0,0,2
1908,Great Britain,London,Denmark,0,2,3
1908,Great Britain,London,Finland,1,1,3
1908,Great Britain,London,France,5,5,9
1908,Great Britain,London,Germany,3,5,5
1908,Great Britain,London,Greece,0,3,1
1908,Great Britain,London,Hungary,3,4,2
1908,Great Britain,London,Italy,2,2,0
1908,Great Britain,London,Netherlands,0,0,2
1908,Great Britain,London,Norway,2,3,3
1908,Great Britain,London,Russian Federation,1,2,0
1908,Great Britain,London,South Africa,1,1,0
1908,Great Britain,London,Sweden,8,6,11
1908,Great Britain,London,United Kingdom,56,51,39
1908,Great Britain,London,United States of America,23,12,12
1904,United States,St. Louis,United States of America,76,78,77
1904,United States,St. Louis,Germany,4,5,6
1904,United States,St. Louis,Canada,4,1,1
1904,United States,St. Louis,Cuba,3,0,0
1904,United States,St. Louis,Hungary,2,1,1
1904,United States,St. Louis,Mixed team,2,1,1
1904,United States,St. Louis,Norway,2,0,0
1904,United States,St. Louis,Austria,1,1,1
1904,United States,St. Louis,Great Britain,1,1,0
1904,United States,St. Louis,Switzerland,1,0,2
1904,United States,St. Louis,Greece,1,0,1
1904,United States,St. Louis,Australia,0,3,1
1904,United States,St. Louis,France,0,1,0
1900,France,Paris,France,27,38,37
1900,France,Paris,United States of America,19,14,15
1900,France,Paris,Great Britain,15,8,9
1900,France,Paris,Mixed team,8,5,6
1900,France,Paris,Belgium,6,7,4
1900,France,Paris,Switzerland,6,2,1
1900,France,Paris,Germany,4,3,2
1900,France,Paris,Italy,3,2,0
1900,France,Paris,Australia,2,0,3
1900,France,Paris,Denmark,1,3,2
1896,Greece,Athens,Australia,2,0,1
1896,Greece,Athens,Austria,2,1,2
1896,Greece,Athens,Denmark,1,2,3
1896,Greece,Athens,France,5,4,2
1896,Greece,Athens,Germany,7,5,2
1896,Greece,Athens,Greece,10,18,19
1896,Greece,Athens,Hungary,2,1,3
1896,Greece,Athens,Mixed team,1,0,1
1896,Greece,Athens,Switzerland,1,2,0
1896,Greece,Athens,United Kingdom,3,3,3
1896,Greece,Athens,United States of America,11,7,2
