BorrName,BorrStreet,BorrCity,BorrState,BankName,BankStreet,BankCity,BankState,GrossApproval,SBA,ApprovalDate,ApprovalFiscalYear,InitialInterestRate,TermInMonths,LoanOk
Force Express LLC,7875 Newcomb DR,Parma,OH,The Huntington National Bank,17 S High St,COLUMBUS,OH,69700.0,34850.0,10-01-19,2020,5.35,84,2
"EASTERLIN PECAN CO., INC.",210 S DOOLY ST,MONTEZUMA,GA,Truist Bank d/b/a Branch Banking & Trust Co,214 N Tryon St,CHARLOTTE,NC,5000000.0,4500000.0,10-02-19,2020,5.5,12,3
CPS Corporation,21 BRIGHAM ST,WESTBOROUGH,MA,St. Mary's CU,46 Lizotte Dr,MARLBOROUGH,MA,52700.0,44795.0,10-04-19,2020,4.5,84,2
"KINTER TRUCKING, INC.",6968 State Route 7,Andover,OH,The Huntington National Bank,17 S High St,COLUMBUS,OH,25800.0,12900.0,10-07-19,2020,5.65,60,2
"Alamo Premium Distillery, Inc.",621 Chestnut,San Antonio,TX,The Bank of San Antonio,1900 NW Loop 410,SAN ANTONIO,TX,210300.0,157725.0,10-07-19,2020,6.0,84,2
"Wholesale Imprints, Inc.",6259 Hewitt Lane,NORTH KINGSVILLE,OH,"Citizens Bank, National Association",1 Citizens Plaza,PROVIDENCE,RI,75000.0,37500.0,10-07-19,2020,6.75,120,2
NNF LLC,1480 BROADWAY RD,DRACUT,MA,Eastern Bank,265 Franklin St,BOSTON,MA,12000.0,6000.0,10-07-19,2020,12.49,60,2
"My Team Outlet, LLC",2174 DIVIDEND DR,COLUMBUS,OH,"JPMorgan Chase Bank, National Association",1111 Polaris Pkwy,COLUMBUS,OH,250000.0,125000.0,10-08-19,2020,7.95,120,2
KITTY PAW LLC,"2710 CENTRAL EAST FWY, Suite 1",WICHITA FALLS,TX,BBVA USA,15 S 20th St,BIRMINGHAM,AL,215000.0,161250.0,10-10-19,2020,5.5,90,3
"MY FAV ELECTRONICS, INC.",7603 NEW GROSS POINT RD,SKOKIE,IL,"Village Bank and Trust, National Association",234 W Northwest Hwy,ARLINGTON HEIGHTS,IL,5000000.0,3750000.0,10-10-19,2020,5.5,12,2
Ohm International Corporation,2900 Wilcrest Suite 150,HOUSTON,TX,"Cadence Bank, National Association","1349 W Peachtree St, Ste 100",ATLANTA,GA,1000000.0,900000.0,10-11-19,2020,7.0,12,4
Impyrian LLC,6305 Angel Rose Ct,Columbia,MD,Truist Bank d/b/a Branch Banking & Trust Co,214 N Tryon St,CHARLOTTE,NC,350000.0,175000.0,10-11-19,2020,7.75,84,2
REP FITNESS LLC,601 E  64TH AVE Unit C100,DENVER,CO,"JPMorgan Chase Bank, National Association",1111 Polaris Pkwy,COLUMBUS,OH,350000.0,175000.0,10-14-19,2020,7.25,120,2
REP FITNESS LLC,601 E 64th Ave Unit C100,DENVER,CO,"JPMorgan Chase Bank, National Association",1111 Polaris Pkwy,COLUMBUS,OH,358100.0,268575.0,10-14-19,2020,6.0,84,2
Cold Stone Creamery,"2474 Hwy 6 and 50, Unit B",GRAND JUNCTION,CO,First Bank,205 SE Broad St,SOUTHERN PINES,NC,188100.0,141075.0,10-15-19,2020,7.75,108,3
Miguel Fernando Borda PA,1825 FOREST HILL BLVD,WEST PALM BEACH,FL,"Newtek Small Business Finance, Inc.",1981 Marcus Avenue,LAKE SUCCESS,NY,300000.0,225000.0,10-15-19,2020,7.75,120,2
TK TRANSPORTATION LLC,15112 Ardley Hall Ct,Shelby Twp,MI,The Huntington National Bank,17 S High St,COLUMBUS,OH,55300.0,27650.0,10-15-19,2020,5.6,60,3
TK TRANSPORTATION LLC,15112 Ardley Hall Ct,Shelby Twp,MI,The Huntington National Bank,17 S High St,COLUMBUS,OH,56300.0,28150.0,10-15-19,2020,5.6,60,3
New Application,1101 CARROLL HILL DR,WEST CHESTER,PA,"Wells Fargo Bank, National Association",101 N Philips Ave,SIOUX FALLS,SD,10000.0,5000.0,10-16-19,2020,9.5,120,6
"DIGITAL DISPLAY SOLUTIONS, INC",12223 SAN PEDRO AVE,SAN ANTONIO,TX,TexStar National Bank,600 Pat Booker Rd,UNIVERSAL CITY,TX,350000.0,175000.0,10-17-19,2020,6.5,11,9
MZR Transport LLC,4746 BUTTONWOOD DR,INDEPENDENCE,KY,The Huntington National Bank,17 S High St,COLUMBUS,OH,60700.0,30350.0,10-17-19,2020,5.1,84,3
"Priceless Unlimited, Inc,",2305 LOUISIANA AVE,MINNEAPOLIS,MN,Seacoast National Bank,815 Colorado Ave,STUART,FL,350000.0,262500.0,10-17-19,2020,7.75,120,2
WOODS TRUCKING,18 WHITT MOSS DR,SEMINARY,MS,Covington County Bank,102 S Dogwood Ave,COLLINS,MS,38500.0,19250.0,10-18-19,2020,7.25,48,2
Nead Investments LLC,1216 Whitewater Ave,FORT ATKINSON,WI,Bank Five Nine,155 W Wisconsin Ave,OCONOMOWOC,WI,965000.0,723750.0,10-18-19,2020,6.0,26,2
ERWIN HOEK,6390 HIGHWAY 71 S,COVE,AR,First Financial Bank,214 N Washington,EL DORADO,AR,23500.0,11750.0,10-21-19,2020,6.35,60,3
"Paul C. Nowak, MD, PA",1800 MESA ST SUITE 102,EL PASO,TX,Seacoast National Bank,815 Colorado Ave,STUART,FL,200000.0,150000.0,10-21-19,2020,7.75,120,4
Komil Kibarov,4176 Purplefinch Ln,Miamisburg,OH,The Huntington National Bank,17 S High St,COLUMBUS,OH,36100.0,18050.0,10-22-19,2020,5.45,60,3
ERWIN HOEK,6390 HIGHWAY 71 S,COVE,AR,First Financial Bank,214 N Washington,EL DORADO,AR,23500.0,11750.0,10-22-19,2020,6.35,60,3
"NOE Bullet Moulds, LLC",1030 S 350 E,PROVO,UT,Central Bank,75 N University Ave,PROVO,UT,30800.0,15400.0,10-23-19,2020,7.0,36,3
ROMAR TRUCK REPAIR AND MECHANI,305 Commerce Drive,Rochester,NY,Genesee Regional Bank,1850 S Winton Rd,ROCHESTER,NY,25000.0,12500.0,10-23-19,2020,7.0,120,2
L & F Gullo Service Corp,520 MAIN ST,WESTBURY,NY,"Newtek Small Business Finance, Inc.",1981 Marcus Avenue,LAKE SUCCESS,NY,700000.0,525000.0,10-23-19,2020,7.75,120,3
Grindhaus LLC,275 VAN BRUNT ST,BROOKLYN,NY,Brooklyn Cooperative FCU,1474 Myrtle Ave,NEW YORK CITY,NY,50000.0,25000.0,10-23-19,2020,11.5,60,3
"Preform Solutions, Inc.",3801 N. 4th Ave,SIOUX FALLS,SD,Dacotah Bank,308 S Main St,ABERDEEN,SD,1500000.0,1350000.0,10-24-19,2020,6.0,12,7
"Left Coast Enterprises, Inc.",755 Fiero Lane Suite A,San Luis Obispo,CA,American Riviera Bank,1033 Anacapa St,SANTA BARBARA,CA,134000.0,113900.0,10-24-19,2020,7.5,120,2
Golden Bull Investment,3282 W. SLAUSON AVE #207,LOS ANGELES,CA,United Business Bank,"500 Ygnacio Valley Rd, Ste 200",WALNUT CREEK,CA,500000.0,375000.0,10-24-19,2020,6.75,120,2
KITTY PAW LLC,"8028 DENTON HWY, Suite 340",WATAUGA,TX,BBVA USA,15 S 20th St,BIRMINGHAM,AL,215000.0,161250.0,10-24-19,2020,5.5,90,3
Wiggins Constuction LLC,643 RD 11,POWELL,WY,"Bank of Bridger, National Association",101 S Main St,BRIDGER,MT,50000.0,42500.0,10-25-19,2020,6.75,6,2
Collins Brothers Towing of St.,2300 6TH ST N,SAINT CLOUD,MN,Falcon National Bank,183 Cedar Dr,FOLEY,MN,2729000.0,2046750.0,10-25-19,2020,7.0,120,3
"Myers Insualting Services, Inc",7114 Hollyhock Ln,Solon,OH,The Huntington National Bank,17 S High St,COLUMBUS,OH,49200.0,24600.0,10-25-19,2020,5.45,60,3
"Myers Insualting Services, Inc",7114 Hollyhock Ln,Solon,OH,The Huntington National Bank,17 S High St,COLUMBUS,OH,22500.0,11250.0,10-25-19,2020,5.45,60,3
Integrated Management & Accoun,143 S. Main St.,WEST BEND,WI,Oostburg State Bank,905 Center Ave,OOSTBURG,WI,125000.0,62500.0,10-29-19,2020,6.0,120,2
"ABP HOSPITALITY, LLC",3725 HOLLYWOOD BLVD,Hollywood,FL,Pilot Bank,12471 W Linebaugh Ave,TAMPA,FL,305500.0,229125.0,10-29-19,2020,7.75,120,2
Terra Foods Trading Corp.,20533 Biscayne Blvd,Aventura,FL,First American Bank,700 Busse Rd,ELK GROVE VILLAGE,IL,700000.0,630000.0,10-31-19,2020,6.75,12,4
"Arnco, Inc.",1871 US HIGHWAY 231,BRUNDIDGE,AL,Hancock Whitney Bank,2510 14th St,GULFPORT,MS,5000000.0,4500000.0,11-01-19,2020,5.65,12,5
Rustica Hardware,1520 N Main St,SPRINGVILLE,UT,Rock Canyon Bank,215 W 2230 N,PROVO,UT,1260000.0,945000.0,11-01-19,2020,6.0,120,2
"THE KING AND I RESTAURANT, INC",1455 East Henrietta Road,Rochester,NY,Genesee Regional Bank,1850 S Winton Rd,ROCHESTER,NY,725000.0,543750.0,11-04-19,2020,6.25,84,2
Nc Transportation LLC,2601 TULANE DR,LANSING,MI,The Huntington National Bank,17 S High St,COLUMBUS,OH,121300.0,60650.0,11-04-19,2020,5.2,60,2
Qycell Corporation,600 S Etiwanda Avenue,Ontario,CA,Manufacturers Bank,"515 S Figueroa St, 5th Fl",LOS ANGELES,CA,2000000.0,1500000.0,11-05-19,2020,6.5,12,3
Riverside Capital LLC,16117 S FARRELL RD,LOCKPORT,IL,Live Oak Banking Company,1741 Tiburon Dr,WILMINGTON,NC,350000.0,175000.0,11-05-19,2020,5.15,120,2
Riverside Capital LLC,16117 S FARRELL RD,LOCKPORT,IL,Live Oak Banking Company,1741 Tiburon Dr,WILMINGTON,NC,2430000.0,1822500.0,11-05-19,2020,5.4,120,2
Entity to be formed,800 Washington Ave. Suite 101,BAY CITY,MI,1st State Bank,"4800 Fashion Square Blvd, Ste",SAGINAW,MI,27000.0,13500.0,11-05-19,2020,6.5,60,12
Robertson Concrete LLC,5652 1/2 Swamp Street NE,Hartville,OH,The Huntington National Bank,17 S High St,COLUMBUS,OH,150000.0,75000.0,11-06-19,2020,6.25,120,2
"Quaker Boy, Inc.",195 West Main St.,Springville,NY,Lake Shore Savings Bank,128 E 4th St,DUNKIRK,NY,250000.0,125000.0,11-06-19,2020,6.5,12,5
DEEP CARRIERS INC.,2326 Solidago Dr,Plainfield,IN,The Huntington National Bank,17 S High St,COLUMBUS,OH,189900.0,94950.0,11-06-19,2020,5.7,84,2
Anytime Fitness,10530 TWIN CITIES RD,GALT,CA,Exchange Bank,545 Fourth St,SANTA ROSA,CA,300000.0,225000.0,11-07-19,2020,7.5,120,15
"Quaker Boy, Inc.",195 West Main St.,Springville,NY,Lake Shore Savings Bank,128 E 4th St,DUNKIRK,NY,250000.0,125000.0,11-07-19,2020,6.5,12,5
THE RUSTY NAIL,123 Lake Ave. S.,BATTLE LAKE,MN,The First National Bank of Henning,106 State Hwy 78 North,OTTERTAIL,MN,72000.0,36000.0,11-07-19,2020,7.5,60,2
The Massillon Washed Gravel Co,8596 ASHMEDE COURT CIRCLE NW,MASSILLON,OH,The Huntington National Bank,17 S High St,COLUMBUS,OH,20000.0,10000.0,11-12-19,2020,7.25,120,2
CONTINENTAL SPORT INC.,46959 Mornington Road,Canton,MI,The Huntington National Bank,17 S High St,COLUMBUS,OH,35400.0,17700.0,11-12-19,2020,5.7,84,2
Mack Shaw,24790 Huber Hitler Road,Circleville,OH,The Huntington National Bank,17 S High St,COLUMBUS,OH,34400.0,17200.0,11-12-19,2020,5.9,84,4
Now Ventures Inc.,841 Worcester St # 528,Natick,MA,Eastern Bank,265 Franklin St,BOSTON,MA,80000.0,60000.0,11-13-19,2020,5.625,84,2
Now Ventures Inc.,841 Worcester St # 528,Natick,MA,Eastern Bank,265 Franklin St,BOSTON,MA,145000.0,72500.0,11-13-19,2020,5.0,48,2
Now Ventures Inc.,841 Worcester St # 528,Natick,MA,Eastern Bank,265 Franklin St,BOSTON,MA,50000.0,25000.0,11-13-19,2020,5.75,120,2
"ClearCom, Inc.",1443 27th Street,Caledonia,WI,Educators CU,1326 Willow Rd,MOUNT PLEASANT,WI,250000.0,125000.0,11-14-19,2020,6.75,120,2
Sun Lithographing and Printing,2105 W 2300 S,WEST VALLEY CITY,UT,Mountain America FCU,9800 S Monroe St,SANDY,UT,941400.0,706050.0,11-14-19,2020,4.95,120,3
Ridge & Company Certified Publ,314 WEST HARDIN ST,FINDLAY,OH,The Huntington National Bank,17 S High St,COLUMBUS,OH,22200.0,11100.0,11-14-19,2020,7.5,60,2
"SUV Trucking Company, LLC",5255 Chadbourne Dr,Sterling Heights,MI,The Huntington National Bank,17 S High St,COLUMBUS,OH,95400.0,47700.0,11-14-19,2020,5.3,84,2
LEE CAFE K ST LLC,2020 K ST NW,Washington,DC,Manufacturers and Traders Trust Company,"One M & T Plaza, 15th Fl",BUFFALO,NY,50000.0,25000.0,11-15-19,2020,7.75,66,2
Hatch Retail Holdings Inc,16 Sconticut Neck Rd,Fairhaven,MA,"Leader Bank, National Association",180 Massachusetts Ave,ARLINGTON,MA,184000.0,138000.0,11-15-19,2020,6.5,120,4
CAPITOL COFFEE LLC,545 COURT ST NE,SALEM,OR,"U.S. Bank, National Association",425 Walnut St,CINCINNATI,OH,50000.0,25000.0,11-15-19,2020,7.99,60,2
'E' Express Inc.,1309 11th ST NE,Massiolon,OH,The Huntington National Bank,17 S High St,COLUMBUS,OH,48800.0,24400.0,11-18-19,2020,5.2,60,8
BRJ Distributing LLC,635 North Phillippi Street,Boise,ID,D. L. Evans Bank,375 N Overland Ave,BURLEY,ID,100000.0,50000.0,11-19-19,2020,5.5,120,2
Duckworth Heating and Air,210 MAYFIELD ROAD,COLLINS,MS,Covington County Bank,102 S Dogwood Ave,COLLINS,MS,37000.0,18500.0,11-19-19,2020,7.5,60,3
Caddo County Agricultural Cent,410 SE 3rd St,ANADARKO,OK,Peoples Bank and Trust Company,517 Washington St,RYAN,OK,350000.0,262500.0,11-19-19,2020,7.5,180,2
Pacific Change Inc.,12463 RANCHO BERNARDO RD STE 2,SAN DIEGO,CA,"Zions Bank, A Division of",1 S Main St,SALT LAKE CITY,UT,350000.0,315000.0,11-20-19,2020,6.25,10,2
"Dynamo Aviation, Inc.",16760 SCHOENBORN ST,NORTH HILLS,CA,"Citibank, N.A.",701 East 60th St North,SIOUX FALLS,SD,1000000.0,900000.0,11-20-19,2020,4.75,12,4
"Dancing Gnome, LLC",1023 MAIN STREET,PITTSBURGH,PA,Live Oak Banking Company,1741 Tiburon Dr,WILMINGTON,NC,3630000.0,2722500.0,11-20-19,2020,6.25,312,2
Wayside Publishing,262 U.S. Route One Suite 2,Freeport,ME,Bath Savings Institution,105 Front St,BATH,ME,300000.0,150000.0,11-20-19,2020,5.5,66,4
Eagle Eye Truck Lines LLC,560 56TH ST sw,GRAND RAPIDS,MI,"Newtek Small Business Finance, Inc.",1981 Marcus Avenue,LAKE SUCCESS,NY,4800000.0,3600000.0,11-20-19,2020,7.5,120,4
"N.M. Griggs Company, L.P.",3636 Highway 86,BRAWLEY,CA,Community Valley Bank,1443 W Main St,EL CENTRO,CA,150000.0,127500.0,11-21-19,2020,7.0,36,5
THE UPS STORE,630 VALLEY MALL PKWY,EAST WENATCHEE,WA,Numerica CU,14610 E Sprague Ave,SPOKANE VALLEY,WA,235000.0,176250.0,11-21-19,2020,6.25,120,3
"Specialty Cheese Company, Inc.",430 N Main St,REESEVILLE,WI,Byline Bank,"180 N LaSalle St, Ste 300",CHICAGO,IL,4000000.0,3000000.0,11-21-19,2020,6.75,312,4
Americans Marine LLC,481 Windham Court,Broadview Heights,OH,The Huntington National Bank,17 S High St,COLUMBUS,OH,154100.0,77050.0,11-21-19,2020,5.35,84,2
Loyal  Zilles,15936 East State Route 12,Findley,OH,The Huntington National Bank,17 S High St,COLUMBUS,OH,58700.0,29350.0,11-22-19,2020,5.2,60,2
"Syn-Mar Products, Inc.",5 Nutmeg Drive,Ellington,CT,"Webster Bank, National Association",137 Bank St,WATERBURY,CT,300000.0,225000.0,11-22-19,2020,6.0,84,2
"Syn-Mar Products, Inc.",5 Nutmeg Drive,Ellington,CT,"Webster Bank, National Association",137 Bank St,WATERBURY,CT,50000.0,25000.0,11-22-19,2020,6.75,120,2
Timothy Hattan,8229 S Sprinkle Rd,Portage,MI,The Huntington National Bank,17 S High St,COLUMBUS,OH,52500.0,26250.0,11-22-19,2020,6.5,60,2
"Meschkat Precision Machining,",27555 Avenue Scott,Santa Clarita,CA,"Bank of America, National Association","100 N Tryon St, Ste 170",CHARLOTTE,NC,630300.0,472725.0,11-25-19,2020,2.99,120,3
kaffmandu LLC,3 HOLDING ST,BEVERLY,MA,Eastern Bank,265 Franklin St,BOSTON,MA,22500.0,11250.0,11-25-19,2020,11.24,60,2
M GRAPHICS AND SIGNS INC.,1027 N. Victoria Way,SALT LAKE CITY,UT,Cyprus FCU,3876 W Centerview Way,WEST JORDAN,UT,30000.0,15000.0,11-25-19,2020,8.25,84,2
"Heroes Rise Coffee Company, LL",4725 Bemidji Ave N,BEMIDJI,MN,Ultima Bank Minnesota,9 W Minnesota Ave,WINGER,MN,101000.0,85850.0,11-26-19,2020,6.75,84,2
Mercea LLC,9 Cornerstone Sq,Westford,MA,Northern Bank and Trust Company,"275 Mishawum Rd, Ste 100",WOBURN,MA,200000.0,150000.0,11-26-19,2020,7.5,120,2
All Trades Landscaping LLC,296 SARGENT RD,GILMANTON,NH,Bank of New Hampshire,62 Pleasant St,LACONIA,NH,100000.0,50000.0,11-26-19,2020,5.25,60,2
TerraStar Inc,1515 S. 7th street,KINGFISHER,OK,BancFirst,"101 N Broadway, Ste 1050",OKLAHOMA CITY,OK,85000.0,72250.0,11-26-19,2020,6.0,36,4
BSB International LLC,2113 Bishop Barrel Lane,WYLIE,TX,Open Bank,"1000 Wilshire Blvd, Ste 500",LOS ANGELES,CA,750000.0,675000.0,11-27-19,2020,5.75,12,3
"XC Associates, Inc.",347 NY Route 43,Stephentown,NY,Saratoga National Bank and Trust Company,171 S Broadway,SARATOGA SPRINGS,NY,54500.0,27250.0,11-27-19,2020,4.75,60,2
"Modular Trail Structures, LLC",617 McClean Drive,Madison,WI,Summit CU,1709 Landmark Dr,COTTAGE GROVE,WI,75000.0,37500.0,11-27-19,2020,6.0,120,3
Albright Electric LLC,745 E BAYTON ST,ALLIANCE,OH,The Huntington National Bank,17 S High St,COLUMBUS,OH,20300.0,10150.0,11-27-19,2020,5.65,60,2
"WOW Technologies, Inc",12201 Tukwilla International B,Tukwilla,WA,KeyBank National Association,127 Public Sq,CLEVELAND,OH,2350000.0,1762500.0,12-02-19,2020,6.75,120,2
Anytime Fitness,101 NORTH WESTLAKE BLVD SUITE,WESTLAKE VILLAGE,CA,Live Oak Banking Company,1741 Tiburon Dr,WILMINGTON,NC,1200000.0,900000.0,12-03-19,2020,6.5,120,15
"MPR Plastics, Inc.",1551 SCOTTSDALE CT,ELGIN,IL,"Wells Fargo Bank, National Association",101 N Philips Ave,SIOUX FALLS,SD,1112200.0,834150.0,12-04-19,2020,4.9,120,2
LCH LEARNING CORP.,5600 W KEN CARYL AVE,LITTLETON,CO,Berkshire Bank,99 North St,PITTSFIELD,MA,885000.0,663750.0,12-05-19,2020,7.25,300,2
THE SAN DIEGO REAL ESTATE INSP,939 MAIN ST,RAMONA,CA,"U.S. Bank, National Association",425 Walnut St,CINCINNATI,OH,127900.0,108715.0,12-05-19,2020,7.29,120,2
"Fire Dawgs, Inc",6810 N Guion Road,Indianapolis,IN,Lake City Bank,202 E Center St,WARSAW,IN,262000.0,196500.0,12-05-19,2020,5.5,102,3
"Supermarket Promotions, Inc.",6100 SHEILA ST,COMMERCE,CA,GBC International Bank,"5670 Wilshire Blvd, Ste 1780",LOS ANGELES,CA,350000.0,315000.0,12-05-19,2020,6.5,120,4
Omni Die Casting Inc,1100 Nova Drive SE,Massillon,OH,KeyBank National Association,127 Public Sq,CLEVELAND,OH,150000.0,75000.0,12-05-19,2020,6.75,120,2
NORTH FLORIDA AG SERVICES INC,3151 SW CUSTOM MADE CIR,LAKE CITY,FL,First Federal Bank,4705 W US Hwy 90,LAKE CITY,FL,525000.0,393750.0,12-05-19,2020,6.75,180,3
"Triple B Foods, Inc.",1221 Abrams Road Suite 240,Richardson,TX,Commerce Bank,1000 Walnut St,KANSAS CITY,MO,4500000.0,4050000.0,12-06-19,2020,4.15,12,5
Virg's Welding & Repair,3904 N. National Ave.,Sioux Falls,SD,The First National Bank in Sioux Falls,100 S Phillips Ave,SIOUX FALLS,SD,160000.0,120000.0,12-06-19,2020,6.5,120,2
CYPRESS EMPIRE ELECTRIC INC,21239 - C FM 529 RD,CYPRESS,TX,BBVA USA,15 S 20th St,BIRMINGHAM,AL,571000.0,428250.0,12-06-19,2020,5.0,300,2
Simplified Clinical Data Syste,100 Market St. Unit 401,PORTSMOUTH,NH,Newburyport Five Cents Savings Bank,63 State St,NEWBURYPORT,MA,50000.0,25000.0,12-06-19,2020,6.0,60,3
Kellie Avila Construction Serv,8365 El Camino Real,Atascadero,CA,American Riviera Bank,1033 Anacapa St,SANTA BARBARA,CA,900000.0,675000.0,12-09-19,2020,7.25,120,3
Vini Express LLC,6825 Montfort Drive,Canton,MI,The Huntington National Bank,17 S High St,COLUMBUS,OH,20300.0,10150.0,12-09-19,2020,5.65,60,4
"Garry's Automotive, Inc.",2200 S. Cole Road,Boise,ID,"Zions Bank, A Division of",1 S Main St,SALT LAKE CITY,UT,995000.0,746250.0,12-11-19,2020,6.25,120,2
Kellie Avila Construction Serv,8365 El Camino Real,Atascadero,CA,American Riviera Bank,1033 Anacapa St,SANTA BARBARA,CA,200000.0,100000.0,12-11-19,2020,6.75,120,3
"The Wedding Dress, Inc.",37 E SOUTH ST,GENESEO,NY,Five Star Bank,55 N Main St,WARSAW,NY,5000.0,2500.0,12-11-19,2020,6.75,120,2
Nuri's Trucking LLC,3082 W 137th St,CLEVELAND,OH,The Huntington National Bank,17 S High St,COLUMBUS,OH,107300.0,53650.0,12-11-19,2020,6.0,60,2
Nuri's Trucking LLC,3082 W 137th St,CLEVELAND,OH,The Huntington National Bank,17 S High St,COLUMBUS,OH,80500.0,40250.0,12-11-19,2020,6.0,60,2
"Evertruck, Inc.",8430 N MOUNTAIN STONE PINE WAY,TUCSON,AZ,"JPMorgan Chase Bank, National Association",1111 Polaris Pkwy,COLUMBUS,OH,220000.0,110000.0,12-12-19,2020,4.75,84,3
English-EL Enterprises LLC,"31 W Adams Street, Ste 205",Jacksonville,FL,American Momentum Bank,1 Momentum Blvd,COLLEGE STATION,TX,505000.0,378750.0,12-12-19,2020,7.25,120,2
Freedom Enterprises Inc.,2431 14TH AVE SE,WATERTOWN,SD,"Newtek Small Business Finance, Inc.",1981 Marcus Avenue,LAKE SUCCESS,NY,1300000.0,975000.0,12-12-19,2020,7.5,120,2
Freedom Enterprises Inc.,2431 14TH AVE SE,WATERTOWN,SD,"Newtek Small Business Finance, Inc.",1981 Marcus Avenue,LAKE SUCCESS,NY,830000.0,622500.0,12-12-19,2020,7.5,300,2
"Old Hat Design Company, LLC","102 W. Eufaula St., Suite 200",Norman,OK,Armstrong Bank,1111 W Broadway,MUSKOGEE,OK,329000.0,246750.0,12-13-19,2020,5.75,120,2
Vance Ewing LLC,22940 HARLAN LN,SAINT ROBERT,MO,"Newtek Small Business Finance, Inc.",1981 Marcus Avenue,LAKE SUCCESS,NY,835000.0,626250.0,12-13-19,2020,7.5,120,2
"Richardson Supply, LTD.",2080 Hardy Parkway St,Grove City,OH,First Financial Bank,255 E Fifth St,CINCINNATI,OH,350000.0,175000.0,12-16-19,2020,5.75,24,2
"Common Roots Brewing Company,",58 Saratoga Avenue,South Glens Falls,NY,KeyBank National Association,127 Public Sq,CLEVELAND,OH,200000.0,100000.0,12-16-19,2020,7.0,120,2
Aitheras Aviation Group LLC,2301 N. MARGINAL RD,CLEVELAND,OH,"Newtek Small Business Finance, Inc.",1981 Marcus Avenue,LAKE SUCCESS,NY,2200000.0,1650000.0,12-16-19,2020,7.5,120,3
Icebox Caf  L.C.,1855 PURDY AVE,MIAMI BEACH,FL,"Newtek Small Business Finance, Inc.",1981 Marcus Avenue,LAKE SUCCESS,NY,1750000.0,1312500.0,12-16-19,2020,7.5,124,4
New England Plumbing Solutions,220 CRESCENT ST,ROCKLAND,MA,South Shore Bank,1530 Main St,WEYMOUTH,MA,500000.0,375000.0,12-16-19,2020,5.75,60,3
"Zeller Transportation, LLC",1615 Innovation Way,HARTFORD,WI,Commerce State Bank,1700 S Silverbrook Dr,WEST BEND,WI,1000000.0,750000.0,12-17-19,2020,5.75,120,2
"Magna Group, Inc.",10200 NW 25TH ST,DORAL,FL,Banesco USA,"150 Alhambra Circle, Ste 100",CORAL GABLES,FL,3150000.0,2835000.0,12-17-19,2020,5.75,12,4
Gourley Excavating LLC,1488 County Road 2 Road 10W,HOXIE,KS,Peoples State Bank,2401 N Seth Child Rd,MANHATTAN,KS,50000.0,25000.0,12-17-19,2020,6.75,12,3
JWL CONSTRUCTION LLC,11557 CASCADE VIEW DR SE,HAPPY VALLEY,OR,"U.S. Bank, National Association",425 Walnut St,CINCINNATI,OH,30000.0,15000.0,12-17-19,2020,6.99,60,2
"Concord Building Services, Inc",14 JUG CITY RD,EPSOM,NH,Primary Bank,207 Route 101,BEDFORD,NH,350000.0,262500.0,12-18-19,2020,5.75,120,2
"Blue Plate Restaurant Company,",901 N 3rd St #117,MINNEAPOLIS,MN,"Sunrise Banks, National Association",200 University Ave West,SAINT PAUL,MN,325900.0,244425.0,12-19-19,2020,6.25,120,2
Sampsons Automotive LLC,"342 Compass Circle, Unit C-3",North Kingstown,RI,"Webster Bank, National Association",137 Bank St,WATERBURY,CT,100000.0,50000.0,12-19-19,2020,8.99,120,2
"Clayton Agri-Marketing, Inc.","3405 West Truman Blvd, Suite 1",JEFFERSON CITY,MO,Commerce Bank,1000 Walnut St,KANSAS CITY,MO,5000000.0,4500000.0,12-19-19,2020,4.19,12,3
"Prairie Industries, LLC",19472 Nine Mile Road,Vale,SD,5Star Bank,"Bldg 1485, 455 W Pine St",COLORADO SPRINGS,CO,350000.0,262500.0,12-19-19,2020,6.0,36,2
"studio ON FIRE, LLC",825 CARLETON ST,SAINT PAUL,MN,21st Century Bank,699 N Medina St,LORETTO,MN,1235000.0,926250.0,12-19-19,2020,6.0,180,2
"JB Griffioen, Inc.",5253 West River Court Northeas,Comstock Park,MI,The Huntington National Bank,17 S High St,COLUMBUS,OH,484000.0,363000.0,12-19-19,2020,7.0,120,2
AML Transport LLC,7641 Division Ave S,Grand Rapids,MI,The Huntington National Bank,17 S High St,COLUMBUS,OH,39600.0,19800.0,12-19-19,2020,5.8,84,2
"Alpha Precision Aerospace, Inc",19000 15 Mile Rd,Clinton Township,MI,Oxford Bank,60 S Washington St,OXFORD,MI,1535000.0,1151250.0,12-20-19,2020,6.75,120,2
Verde Wood International,5826 FAYETTEVILLE RD Suite 206,DURHAM,NC,Truist Bank d/b/a Branch Banking & Trust Co,214 N Tryon St,CHARLOTTE,NC,1000000.0,900000.0,12-20-19,2020,7.0,12,4
C K Frozen Fish And Food Inc,16856 DOUGLAS AVE,JAMAICA,NY,"JPMorgan Chase Bank, National Association",1111 Polaris Pkwy,COLUMBUS,OH,101000.0,50500.0,12-20-19,2020,7.9,84,2
William VanVynck Physical Ther,175 E Main Street,Huntington,NY,BNB Bank,2200 Montauk Hwy,BRIDGEHAMPTON,NY,60000.0,30000.0,12-20-19,2020,7.5,108,2
"Maynard Studios, Inc.",1986 FOX CREEK RD,LAWRENCEBURG,KY,"Community Trust Bank, Inc.",346 N Mayo Trl,PIKEVILLE,KY,100000.0,50000.0,12-20-19,2020,5.0,84,3
C K Frozen Fish And Food Inc,16856 DOUGLAS AVE,JAMAICA,NY,"JPMorgan Chase Bank, National Association",1111 Polaris Pkwy,COLUMBUS,OH,125000.0,62500.0,12-20-19,2020,7.65,120,2
William VanVynck Physical Ther,175 E Main Street,Huntington,NY,BNB Bank,2200 Montauk Hwy,BRIDGEHAMPTON,NY,700000.0,525000.0,12-20-19,2020,7.5,120,2
"Trusted Solutions Group, Inc.",1625 BAKER DR,OSSIAN,IN,First Savings Bank,702 N. Shore Dr. #300,Jeffersonville,IN,1095000.0,821250.0,12-20-19,2020,7.5,180,3
"TRE NOI, LLC",485 Summer Street,Chelmsford,MA,"Webster Bank, National Association",137 Bank St,WATERBURY,CT,835000.0,626250.0,12-23-19,2020,6.5,120,4
"Strickland's Enterprises, LLC",20 DEEGAN DR,PITTSBORO,NC,Live Oak Banking Company,1741 Tiburon Dr,WILMINGTON,NC,960000.0,720000.0,12-23-19,2020,5.55,174,3
Liberty Tax Service,2602 Linden Blvd,BROOKLYN,NY,First Bank,205 SE Broad St,SOUTHERN PINES,NC,1330000.0,997500.0,12-24-19,2020,7.5,120,6
"Mobiltech, LLC",480 Running Pump Road,Lancaster,PA,Mid Penn Bank,349 Union St,MILLERSBURG,PA,50000.0,25000.0,12-24-19,2020,5.75,120,3
"Mobiltech, LLC",480 Running Pump Road,Lancaster,PA,Mid Penn Bank,349 Union St,MILLERSBURG,PA,300000.0,225000.0,12-24-19,2020,6.75,120,3
EXCEL LASER SKIN CLINIC LLC,435 COLUMBIAN ST STE 5,SOUTH WEYMOUTH,MA,Five Star Bank,3100 Zinfandel Dr. Ste. 650,Rancho Cordova,CA,170000.0,127500.0,12-26-19,2020,7.5,120,2
DiNovo Properties LLC;  DNO Pr,3650 E 5th Avenue,Columbus,OH,First Savings Bank,702 N. Shore Dr. #300,Jeffersonville,IN,1925000.0,1443750.0,12-26-19,2020,7.75,300,3
Sunrise Snacks of Rockland Inc,3 Sunrise Dr,Monsey,NY,Manufacturers and Traders Trust Company,"One M & T Plaza, 15th Fl",BUFFALO,NY,100000.0,50000.0,12-26-19,2020,9.25,120,2
Well Care Discount Pharmacy LL,3300 West Charleston Boulevard,LAS VEGAS,NV,Royal Business Bank,"660 S Figueroa St, Ste 1888",LOS ANGELES,CA,200000.0,150000.0,12-27-19,2020,5.5,120,2
R V K Inc,250 Route 59,SUFFERN,NY,Poppy Bank,438 First St,SANTA ROSA,CA,1080000.0,810000.0,12-27-19,2020,7.0,120,2
Sandhu Trans Inc.,6548 Heritage Hill Dr,Indianapolis,IN,The Huntington National Bank,17 S High St,COLUMBUS,OH,33700.0,16850.0,12-27-19,2020,5.6,60,2
"MB DYNAMICS, INC.",25865 RICHMOND RD,BEDFORD HEIGHTS,OH,"World Trade Finance,  Inc.",811 W. 7th Street,Los Angeles,CA,1000000.0,900000.0,12-27-19,2020,7.75,12,2
Sandhu Trans Inc.,6548 Heritage Hill Dr,Indianapolis,IN,The Huntington National Bank,17 S High St,COLUMBUS,OH,56100.0,28050.0,12-27-19,2020,5.75,84,2
Sandhu Trans Inc.,6548 Heritage Hill Dr,Indianapolis,IN,The Huntington National Bank,17 S High St,COLUMBUS,OH,63000.0,31500.0,12-27-19,2020,5.75,84,2
BROKEN BOW CATTLE COMPANY,2548 SCR 45,MOUNT OLIVE,MS,Covington County Bank,102 S Dogwood Ave,COLLINS,MS,350000.0,175000.0,12-30-19,2020,5.25,12,4
Merus LLC,5151 EDINA INDUSTRIAL BLVD Sui,MINNEAPOLIS,MN,Platinum Bank,7667 10th St N,OAKDALE,MN,2000000.0,1800000.0,12-30-19,2020,5.5,12,3
"BRANDMOVERS, INC",590 Means St Ste 250,ATLANTA,GA,Signature Bank of Georgia,"6065 Roswell Rd, Ste 600",SANDY SPRINGS,GA,350000.0,175000.0,01-02-20,2020,7.0,120,2
Emerald Isle Merchant Services,43 POINT OF PINES RD,EAST FREETOWN,MA,First Savings Bank,702 N. Shore Dr. #300,Jeffersonville,IN,150000.0,127500.0,01-07-20,2020,7.5,120,4
"Brighton Cromwell, LLC",111 Canfield Avenue C1-10,RANDOLPH,NJ,"HSBC Bank USA, National Association","1800 Tysons Blvd, Ste 50",MCLEAN,VA,4500000.0,4050000.0,01-07-20,2020,4.75,12,5
"Dura-Trel, Inc.",115 Vision Parkway,SHEBOYGAN FALLS,WI,Commerce State Bank,1700 S Silverbrook Dr,WEST BEND,WI,500000.0,375000.0,01-07-20,2020,6.5,124,2
"D Ben Toby, Inc.",8307 NW 54TH ST,MIAMI,FL,"HSBC Bank USA, National Association","1800 Tysons Blvd, Ste 50",MCLEAN,VA,1800000.0,1620000.0,01-07-20,2020,4.5,12,5
"Contractor's Engineer, Inc.",7563 Quinter Drive,Neodesha,KS,Commerce Bank,1000 Walnut St,KANSAS CITY,MO,100000.0,85000.0,01-08-20,2020,6.75,3,3
Drake's Paints & Supply,2929 North Pacific Hwy,MEDFORD,OR,People's Bank of Commerce,1311 E Barnett Rd,MEDFORD,OR,50000.0,25000.0,01-10-20,2020,7.5,12,2
"Blue Ox Moving Services, LLC",134 Lindenberry Circle,Spring,TX,Independent Bank,3090 Craig Dr,MCKINNEY,TX,130000.0,65000.0,01-10-20,2020,6.25,13,2
"Blue Ox Moving Services, LLC",134 Lindenberry Circle,Spring,TX,Independent Bank,3090 Craig Dr,MCKINNEY,TX,150000.0,127500.0,01-10-20,2020,5.25,72,2
"Marianne's Ice Cream, LLC",1211 Faire Avenue,Santa Cruz,CA,Santa Cruz County Bank,75 RIVER ST,SANTA CRUZ,CA,970000.0,727500.0,01-10-20,2020,7.25,84,2
Simplified Clinical Data Syste,13 Pond Path,North Hampton,NH,Newburyport Five Cents Savings Bank,63 State St,NEWBURYPORT,MA,250000.0,187500.0,01-10-20,2020,4.85,72,3
FABIAN PERALTA SOLE PROP,18-19 NORMAN ST,RIDGEWOOD,NY,Brooklyn Cooperative FCU,1474 Myrtle Ave,NEW YORK CITY,NY,10000.0,5000.0,01-13-20,2020,11.25,42,2
Scorpion Construction Group In,189 PLEASANT ST,MILLIS,MA,St. Mary's CU,46 Lizotte Dr,MARLBOROUGH,MA,200000.0,100000.0,01-14-20,2020,5.25,120,2
Par Avion LLC,1135 E VIA LINDA Ste D128,SCOTTSDALE,AZ,Enterprise Bank & Trust,150 N Meramec Ave,CLAYTON,MO,700000.0,630000.0,01-15-20,2020,5.25,12,2
"Safety Tree Service, LLC",1221 W 103rd St #360,Kansas City,MO,Landmark National Bank,701 Poyntz Ave,MANHATTAN,KS,985000.0,738750.0,01-15-20,2020,6.5,120,2
Integris Equipment LLC,1231 MAPLE RD,ELMA,NY,"Evans Bank, National Association",One Grimsby Dr,HAMBURG,NY,350000.0,262500.0,01-15-20,2020,6.0,84,2
Par Avion LLC,1135 E Via Linda Ste D128,SCOTTSDALE,AZ,Enterprise Bank & Trust,150 N Meramec Ave,CLAYTON,MO,650000.0,585000.0,01-15-20,2020,5.25,12,2
Force Express LLC,7875 Newcomb DR,Parma,OH,The Huntington National Bank,17 S High St,COLUMBUS,OH,39400.0,19700.0,01-17-20,2020,5.4,84,2
Custom Marine Carpet LLC,423 N. Ninth St,Niles,MI,1st Source Bank,100 N Michigan St,SOUTH BEND,IN,80000.0,40000.0,01-17-20,2020,5.5,12,2
Blacklist Beer LLC,120 E Superior St,Duluth,MN,"Northeast Entrepreneur Fund, Inc.",202 West Superior Street,Duluth,MN,150000.0,127500.0,01-17-20,2020,6.75,120,2
Nobl Coffee LLC,139 Folly Mill Road,Seabrook,NH,Eastern Bank,265 Franklin St,BOSTON,MA,1690000.0,1267500.0,01-17-20,2020,6.75,126,2
"Go Green Transport, LLC",7668 HARLEY HILLS DR,NORTH ROYALTON,OH,The Huntington National Bank,17 S High St,COLUMBUS,OH,141300.0,70650.0,01-17-20,2020,6.7,84,3
EBBI LLC,435 Commerce Drive Suite 160,Fayetteville,NY,Manufacturers and Traders Trust Company,"One M & T Plaza, 15th Fl",BUFFALO,NY,205000.0,102500.0,01-21-20,2020,6.75,120,2
"D&S Farm and Garden Supply, LL",4738 Gates East Road,Middlefield,OH,The Huntington National Bank,17 S High St,COLUMBUS,OH,50500.0,25250.0,01-22-20,2020,5.65,60,2
"D&S Farm and Garden Supply, LL",4738 Gates East Road,Middlefield,OH,The Huntington National Bank,17 S High St,COLUMBUS,OH,50000.0,25000.0,01-22-20,2020,6.25,120,2
ExcelAg Corp.,7300 N KENDALL DR SUITE 521,MIAMI,FL,Banesco USA,"150 Alhambra Circle, Ste 100",CORAL GABLES,FL,500000.0,450000.0,01-23-20,2020,5.75,12,7
"Atlas Refinery, Inc.",142 Lockwood Street,Newark,NJ,"HSBC Bank USA, National Association","1800 Tysons Blvd, Ste 50",MCLEAN,VA,1500000.0,1350000.0,01-23-20,2020,4.25,12,6
Anytime Fitness,10844 Providence Rd Ste 200,CHARLOTTE,NC,Live Oak Banking Company,1741 Tiburon Dr,WILMINGTON,NC,290000.0,217500.0,01-24-20,2020,7.25,120,15
"Dakota, Inc.",833 GATEWAY DR NE,EAST GRAND FORKS,MN,"U.S. Bank, National Association",425 Walnut St,CINCINNATI,OH,750000.0,675000.0,01-27-20,2020,6.75,12,9
Anytime Fitness,1610 Oakhurst Commons Drive,CHARLOTTE,NC,Live Oak Banking Company,1741 Tiburon Dr,WILMINGTON,NC,340000.0,255000.0,01-27-20,2020,6.75,125,15
PARADOXE CORPORATION,33 OLD HICKORY BLVD,JACKSON,TN,Regions Bank,1900 5th Ave North,BIRMINGHAM,AL,3000000.0,2700000.0,01-28-20,2020,5.25,12,3
MONTE S GRAM,1661 HIGHWAY 65,MORA,MN,First Citizens Bank,2601 4th St SW,MASON CITY,IA,100000.0,50000.0,01-28-20,2020,6.75,48,2
FLASH TRANSPORT LLC,31521 James St,Garden City,MI,The Huntington National Bank,17 S High St,COLUMBUS,OH,39000.0,19500.0,01-28-20,2020,6.05,60,2
"6 to 9 Dental Texas, PLLC",2603 SE MILITARY DR #103,SAN ANTONIO,TX,First Savings Bank,702 N. Shore Dr. #300,Jeffersonville,IN,150000.0,127500.0,01-29-20,2020,7.5,120,4
"TWIN CITY VOIP, INC.",9217 17th Ave S Ste 216,Bloomington,MN,Highland Bank,701 Central Ave E,SAINT MICHAEL,MN,35000.0,17500.0,01-29-20,2020,6.75,12,3
"TWIN CITY VOIP, INC.",9217 17th Ave S Ste 216,Bloomington,MN,Highland Bank,701 Central Ave E,SAINT MICHAEL,MN,150000.0,112500.0,01-29-20,2020,6.75,60,3
Landmark Recovery of Louisvill,5017 South 110th Street,Greenfield,WI,Western Commerce Bank,127 S Canyon St,CARLSBAD,NM,4650000.0,3487500.0,01-29-20,2020,2.0,294,3
HARDRIVES CONSTRUCTION INC,4800 Helfrick Rd,BILLINGS,MT,"Bank of Bridger, National Association",101 S Main St,BRIDGER,MT,100000.0,75000.0,01-29-20,2020,5.5,7,18
"BAS Broadcasting, Inc.",1281 North River Road,Fremont,OH,The First National Bank Bellevue,120 North St,BELLEVUE,OH,4452500.0,3339375.0,01-29-20,2020,6.0,120,2
Alliance Garage Doors LLC,23791 Grindstone Rd,Lebanon,MO,Legacy Bank & Trust Company,175 Johnstown Dr,ROGERSVILLE,MO,45000.0,38250.0,01-30-20,2020,6.75,120,2
Commercial Property Tax Manage,345 CILLEY RD Suite 1,MANCHESTER,NH,Primary Bank,207 Route 101,BEDFORD,NH,300000.0,225000.0,01-30-20,2020,4.5,60,2
"Randy James, Inc.",9347 GRAVOIS RD,SAINT LOUIS,MO,First Home Bank,700 Central Avenue,Saint Petersburg,FL,3200000.0,2400000.0,01-31-20,2020,7.5,120,4
401 Manufacturing Incorporated,"8252 147TH LN, Suite 100",ANOKA,MN,BankCherokee,607 S Smith Ave,SAINT PAUL,MN,350000.0,262500.0,02-03-20,2020,6.75,120,3
BKM TRUCKING LLC,8227 Lone Tree Drive,Powell,OH,The Huntington National Bank,17 S High St,COLUMBUS,OH,23300.0,11650.0,02-04-20,2020,5.35,60,3
Anytime Fitness,158 West Elm Avenue,QUINCY,MA,Live Oak Banking Company,1741 Tiburon Dr,WILMINGTON,NC,700000.0,525000.0,02-05-20,2020,6.9,129,15
"Excell Home Care, Inc.",14023 PARAMOUNT BLVD,PARAMOUNT,CA,"JPMorgan Chase Bank, National Association",1111 Polaris Pkwy,COLUMBUS,OH,330500.0,165250.0,02-05-20,2020,6.75,120,2
HARDRIVES CONSTRUCTION INC,4800 HELFRICK RD,BILLINGS,MT,"Bank of Bridger, National Association",101 S Main St,BRIDGER,MT,350000.0,175000.0,02-05-20,2020,5.5,11,18
ACTION PAINTING INC,1013 90TH ST SW # B,FALL CITY,WA,"U.S. Bank, National Association",425 Walnut St,CINCINNATI,OH,15000.0,7500.0,02-05-20,2020,7.99,60,2
The Learning Experience,4175 US-130,EDGEWATER PARK,NJ,Live Oak Banking Company,1741 Tiburon Dr,WILMINGTON,NC,350000.0,262500.0,02-05-20,2020,7.5,120,3
"J.R. Smith Transport, LLC",1167 PIONEER ROAD,DRAPER,UT,University First FCU,"3450 S Highland Dr, Ste 201",SALT LAKE CITY,UT,25000.0,12500.0,02-06-20,2020,8.5,60,3
Impact Dynamic Training LLC,2818 & 2830 Port Sheldon St 64,Hudsonville,MI,Highpoint Community Bank,150 W Court St,HASTINGS,MI,3071000.0,2303250.0,02-06-20,2020,5.65,300,2
"Golf Cars of Houston, LP",11219 NORTH FWY,HOUSTON,TX,"JPMorgan Chase Bank, National Association",1111 Polaris Pkwy,COLUMBUS,OH,350000.0,175000.0,02-06-20,2020,1.25,84,2
"Kerberos International, Inc.",2109 BIRDCREEK TER,TEMPLE,TX,Plains State Bank,19404 Kenswick Dr,HUMBLE,TX,2150000.0,1935000.0,02-10-20,2020,7.25,120,3
"ENGINEERED LINING SYSTEMS, INC",1234 ORTON ST,JACKSONVILLE,FL,Hancock Whitney Bank,2510 14th St,GULFPORT,MS,804200.0,603150.0,02-10-20,2020,4.95,120,2
Mid Ohio Hospitality LLC,192 e MAIN ST,MANSFIELD,OH,"Newtek Small Business Finance, Inc.",1981 Marcus Avenue,LAKE SUCCESS,NY,917000.0,687750.0,02-11-20,2020,7.5,300,2
Victor Chmil,728 Amity Rd,Galloway,OH,The Huntington National Bank,17 S High St,COLUMBUS,OH,167000.0,83500.0,02-11-20,2020,6.0,84,2
Midho Velic Trucking LLC,20172 Kemp ST,Clinton Township,MI,The Huntington National Bank,17 S High St,COLUMBUS,OH,43200.0,21600.0,02-11-20,2020,5.2,60,2
Fast Express LLC,2660 Blueflag St,Tipp City,OH,The Huntington National Bank,17 S High St,COLUMBUS,OH,29300.0,14650.0,02-12-20,2020,6.0,60,2
"Roman Music Therapy Services,","333 North Ave, 1st FL N",Wakefield,MA,Eastern Bank,265 Franklin St,BOSTON,MA,125000.0,62500.0,02-12-20,2020,5.0,60,2
"Romo Medical Equipment, LLC",3453 North Panam Expressway,SAN ANTONIO,TX,"Newtek Small Business Finance, Inc.",1981 Marcus Avenue,LAKE SUCCESS,NY,2000000.0,1500000.0,02-12-20,2020,7.5,120,3
"Roman Music Therapy Services,",333 N Ave Fl 1,Wakefield,MA,Eastern Bank,265 Franklin St,BOSTON,MA,75000.0,37500.0,02-12-20,2020,5.75,120,2
"Lucky Transportation, Inc.",54866 SPRINGFIELD TRACE DR,OSCEOLA,IN,The Huntington National Bank,17 S High St,COLUMBUS,OH,42700.0,21350.0,02-12-20,2020,6.1,84,7
"ZG Holdings, LLC",716 PINE ST,BURLINGTON,VT,Community National Bank,4811 US Rte 5,DERBY,VT,300000.0,225000.0,02-12-20,2020,4.31,69,2
Johnson Mattson Smail & Cavana,215 Highway 55 East,Buffalo,MN,BANKWEST,5921 Main St,ROCKFORD,MN,852000.0,639000.0,02-12-20,2020,5.25,84,2
Creative Contracting Inc.,584 WOODFORD RD,NORTH WALES,PA,"Cadence Bank, National Association","1349 W Peachtree St, Ste 100",ATLANTA,GA,200000.0,150000.0,02-13-20,2020,7.5,120,4
"Teledynamics, LLC",45 INDIAN LN Suite 1,TOWACO,NJ,"HSBC Bank USA, National Association","1800 Tysons Blvd, Ste 50",MCLEAN,VA,1250000.0,1125000.0,02-13-20,2020,6.0,12,2
Jonathan L. Austin-Shortt,358 Stanton Rd.,Danville,VT,North Country FCU,69 Swift St,SOUTH BURLINGTON,VT,29900.0,14950.0,02-13-20,2020,4.0,48,2
"Oakes Bros., Inc.",975 LOWER PLN,BRADFORD,VT,Woodsville Guaranty Savings Bank,63 Central St,WOODSVILLE,NH,60000.0,30000.0,02-18-20,2020,6.0,3,4
GRASS MASTERS LAWN CARE,645 HIGHWAY 84,COLLINS,MS,Covington County Bank,102 S Dogwood Ave,COLLINS,MS,14500.0,7250.0,02-18-20,2020,8.0,36,2
Home Instead Senior Care,126 Spruce St. N,WINSTON SALEM,NC,Live Oak Banking Company,1741 Tiburon Dr,WILMINGTON,NC,350000.0,262500.0,02-18-20,2020,6.5,120,3
LOVEJOY CONTROLS CORPORATION,N30 W22377 GREEN RD Ste E,WAUKESHA,WI,Waukesha State Bank,151 E St. Paul Ave,WAUKESHA,WI,400000.0,300000.0,02-18-20,2020,7.0,12,7
401 Manufacturing Incorporated,8252 147th Ln. NW Suite 100,Ramsey,MN,BankCherokee,607 S Smith Ave,SAINT PAUL,MN,350000.0,262500.0,02-18-20,2020,6.0,84,3
LITTLE POULTRY FARM,192 Berry Road,NEW HEBRON,MS,First Financial Bank,214 N Washington,EL DORADO,AR,213000.0,159750.0,02-20-20,2020,6.05,180,4
South Florida Foods Internatio,5900 NW 97TH AVE Unit #19-23,MIAMI,FL,"Citibank, N.A.",701 East 60th St North,SIOUX FALLS,SD,3000000.0,2700000.0,02-20-20,2020,4.75,12,3
"AdEdge Holding, LLC",2055 BOGGS RD,DULUTH,GA,Regions Bank,1900 5th Ave North,BIRMINGHAM,AL,2644500.0,1983375.0,02-20-20,2020,5.25,84,3
US Express LLC,609 Troy St,Dayton,OH,The Huntington National Bank,17 S High St,COLUMBUS,OH,86300.0,43150.0,02-21-20,2020,6.1,84,2
Emerald Isle Merchant Services,43 POINT OF PINES RD,EAST FREETOWN,MA,"Citizens Bank, National Association",1 Citizens Plaza,PROVIDENCE,RI,160000.0,80000.0,02-21-20,2020,7.25,72,4
"Bryant Sheet Metal, Inc.",301 WINTER ST Unit A,HANOVER,MA,South Shore Bank,1530 Main St,WEYMOUTH,MA,506000.0,379500.0,02-21-20,2020,5.75,12,5
Outpatient Physical Therapy an,26837 Maple Valley Black Diamo,Maple Valley,WA,SaviBank,208 East Blackburn Road,Mount Vernon,WA,5000000.0,3750000.0,02-24-20,2020,6.7,120,3
"K & A Pacific Properties, LLC",251 PALOMAR ST,CHULA VISTA,CA,Cathay Bank,777 N Broadway,LOS ANGELES,CA,2160000.0,1620000.0,02-24-20,2020,5.47,300,2
"ROBERT BROWN ASSOCIATES, INC.",6 Mount Pleasant Road Unit C,ASTON,PA,Berkshire Bank,99 North St,PITTSFIELD,MA,650000.0,487500.0,02-24-20,2020,7.5,119,2
"ROBERT BROWN ASSOCIATES, INC.",6 Mount Pleasant Road Unit C,ASTON,PA,Berkshire Bank,99 North St,PITTSFIELD,MA,150000.0,75000.0,02-25-20,2020,8.25,96,2
Fish Island LLC,158 East Putnam Avenue,Cos Cob,CT,BNB Bank,2200 Montauk Hwy,BRIDGEHAMPTON,NY,1600000.0,1200000.0,02-26-20,2020,7.25,121,3
Birch River Construction Inc.,29 Second Street,PRESQUE ISLE,ME,Partners Bank of New England,900 Main St,SANFORD,ME,150000.0,112500.0,02-27-20,2020,5.75,84,2
"Everwell Parts, Inc.",10914 NW 33RD ST,DORAL,FL,"TD Bank, National Association",2035 Limestone Rd,WILMINGTON,DE,4500000.0,4050000.0,02-28-20,2020,3.8675,12,2
"L&E Research, Inc.",25 W 43RD ST STE 500,NEW YORK,NY,Regions Bank,1900 5th Ave North,BIRMINGHAM,AL,853000.0,639750.0,02-28-20,2020,5.75,84,3
Nobl Coffee LLC,139 Folly Mill Rd,SEABROOK,NH,Eastern Bank,265 Franklin St,BOSTON,MA,200000.0,100000.0,02-28-20,2020,6.75,120,2
"Children's Discovery Center, I",2205 E Lindsey St,Norman,OK,Arvest Bank,75 N East Ave,FAYETTEVILLE,AR,540000.0,405000.0,02-28-20,2020,6.25,240,2
Birch River Construction Inc.,29 Second Street,PRESQUE ISLE,ME,Partners Bank of New England,900 Main St,SANFORD,ME,150000.0,112500.0,03-02-20,2020,5.75,84,2
Duco Construction Incorporated,16025 Josef Dr,Homer Glen,IL,First American Bank,700 Busse Rd,ELK GROVE VILLAGE,IL,2000000.0,1500000.0,03-02-20,2020,5.25,12,2
"Valley of the Sun Cosmetics, L",535 PATRICE PL,GARDENA,CA,GBC International Bank,"5670 Wilshire Blvd, Ste 1780",LOS ANGELES,CA,1000000.0,900000.0,03-02-20,2020,6.75,12,3
"Ellis Dozer Service, LLC",59 ROGERS ROAD,SEMINARY,MS,Covington County Bank,102 S Dogwood Ave,COLLINS,MS,23000.0,11500.0,03-03-20,2020,7.0,36,13
GREG CROSBY LOGGING INC,49 TOM LEGGETT ROAD,SEMINARY,MS,Covington County Bank,102 S Dogwood Ave,COLLINS,MS,195000.0,97500.0,03-03-20,2020,5.25,60,5
Kingnote LLC,353 FILLMORE AVE,SAINT PAUL,MN,Platinum Bank,7667 10th St N,OAKDALE,MN,2000000.0,1800000.0,03-03-20,2020,6.0,12,7
"Harini, Inc.",6900 NW 83rd Terrace,KANSAS CITY,MO,"UMB Bank, National Association",1010 Grand Blvd,KANSAS CITY,MO,200000.0,150000.0,03-03-20,2020,4.75,66,2
Launch Sales and Marketing LLC,310 East 4500 South Suite 320,Salt Lake City,UT,KeyBank National Association,127 Public Sq,CLEVELAND,OH,100000.0,50000.0,03-04-20,2020,6.75,120,3
Launch Sales and Marketing LLC,310 East 4500 South Suite 320,Salt Lake City,UT,KeyBank National Association,127 Public Sq,CLEVELAND,OH,1017000.0,762750.0,03-04-20,2020,6.75,120,3
Spilt Ink SLC LLC,50 West 3900 South,Salt Lake City,UT,First Utah Bank,3826 S 2300 East,SALT LAKE CITY,UT,700000.0,525000.0,03-04-20,2020,6.75,12,5
"VECTRA INTERNATIONAL, INC.",715 Sioux Point Road,NORTH SIOUX CITY,SD,GBC International Bank,"5670 Wilshire Blvd, Ste 1780",LOS ANGELES,CA,350000.0,175000.0,03-05-20,2020,6.0,120,6
NNF LLC,1480 BROADWAY RD,DRACUT,MA,Five Star Bank,3100 Zinfandel Dr. Ste. 650,Rancho Cordova,CA,350000.0,262500.0,03-05-20,2020,7.5,120,2
"BBL HOME IMPROVEMENT, LLC",48 ROCKY GUTTER ST,MIDDLEBORO,MA,First Home Bank,700 Central Avenue,Saint Petersburg,FL,275000.0,206250.0,03-05-20,2020,7.5,120,3
"Scotty Whitwam, PLLC",5235 E. SOUTHERN AVE  D106-425,MESA,AZ,Mountain America FCU,9800 S Monroe St,SANDY,UT,30000.0,15000.0,03-05-20,2020,10.75,84,3
Randy Ryan Trucking LLC,1773 State Route 511,Ashland,OH,The Huntington National Bank,17 S High St,COLUMBUS,OH,75400.0,37700.0,03-05-20,2020,5.2,60,3
"Quadratica, LLC",2628 NW 97TH AVE,DORAL,FL,"Amerant Bank, National Association",220 Alhambra Circle,CORAL GABLES,FL,600000.0,540000.0,03-06-20,2020,5.75,36,5
"Valley Oak Financial, PLC",6011 Stadium Drive,Kalamazoo,MI,Southern Michigan Bank & Trust,51 W Pearl St,COLDWATER,MI,444000.0,333000.0,03-09-20,2020,4.75,120,2
WILSON FARMS,240 BLACKJACK RD,COLLINS,MS,Covington County Bank,102 S Dogwood Ave,COLLINS,MS,10500.0,5250.0,03-09-20,2020,7.0,60,2
MIDWEST THERMAL SERVICES INC,4568 N 127th St,BUTLER,WI,Byline Bank,"180 N LaSalle St, Ste 300",CHICAGO,IL,675000.0,506250.0,03-10-20,2020,7.5,120,4
SKYSCRAPER PRODUCTIONS LLC,209 S. PACIFIC COAST HWY AKA 2,REDONDO BEACH,CA,First Choice Bank,"17785 Center Court Dr, Ste 750",CERRITOS,CA,1969000.0,1476750.0,03-10-20,2020,5.0,300,2
"Ready 2 Run Graphics & Signs,",240 Barber Ave,Worcester,MA,Avidia Bank,42 Main St,HUDSON,MA,170000.0,127500.0,03-11-20,2020,7.5,84,3
"Patriot 3, Inc.",11040 PIERSON DR,FREDERICKSBURG,VA,Atlantic Union Bank,"1051 E Cary St, Ste 103",RICHMOND,VA,3500000.0,3150000.0,03-13-20,2020,6.75,12,7
"Advanced Therapy Solutions, LL",936 SILAS DEANE HWY,WETHERSFIELD,CT,"People's United Bank, National Association",850 Main St,BRIDGEPORT,CT,75000.0,37500.0,03-16-20,2020,9.25,60,2
"Agro & Construction Solutions,",3630 NW 115TH AVE,DORAL,FL,Banesco USA,"150 Alhambra Circle, Ste 100",CORAL GABLES,FL,1500000.0,1350000.0,03-16-20,2020,4.25,12,4
Randy Ryan Trucking LLC,1773 State Route 511,Ashland,OH,The Huntington National Bank,17 S High St,COLUMBUS,OH,47000.0,23500.0,03-16-20,2020,5.05,60,3
"K & S Vending Services, Inc.",50792 CR 652,Mattawan,MI,The Huntington National Bank,17 S High St,COLUMBUS,OH,288000.0,216000.0,03-16-20,2020,7.0,120,2
AML Transport LLC,7139 HARTMAN DRIVE SE,CALEDONIA,MI,The Huntington National Bank,17 S High St,COLUMBUS,OH,40600.0,20300.0,03-18-20,2020,4.7,60,2
Rustica Hardware,1060 N Spring Creek Place,SPRINGVILLE,UT,Rock Canyon Bank,215 W 2230 N,PROVO,UT,883400.0,662550.0,03-18-20,2020,6.75,120,2
B & T Coffee LLC,2001 SE 185TH CT,VANCOUVER,WA,Columbia State Bank,1301 A St,TACOMA,WA,241000.0,180750.0,03-18-20,2020,7.0,120,2
B & T Coffee LLC,2001 SE 185TH CT,VANCOUVER,WA,Columbia State Bank,1301 A St,TACOMA,WA,100000.0,50000.0,03-18-20,2020,7.25,120,2
Randy Ryan Trucking LLC,1773 State Route 511,Ashland,OH,The Huntington National Bank,17 S High St,COLUMBUS,OH,72900.0,36450.0,03-18-20,2020,5.05,60,3
"Precision Technology, Inc.",732 West Palms,LAS CRUCES,NM,Bank of the Southwest,226 N Main St,ROSWELL,NM,800000.0,720000.0,03-19-20,2020,6.75,12,10
Northeast Ohio Practitioner LL,"6681 Ridge Road, Suite 300",Parma,OH,KeyBank National Association,127 Public Sq,CLEVELAND,OH,2055000.0,1541250.0,03-19-20,2020,7.0,126,3
"WIRES, INC",4574 SUNSET AVE,ROCKY MOUNT,NC,Truist Bank d/b/a Branch Banking & Trust Co,214 N Tryon St,CHARLOTTE,NC,680000.0,510000.0,03-19-20,2020,6.0,300,2
HARDRIVES CONSTRUCTION INC,401 N Broadway,RED LODGE,MT,"Bank of Bridger, National Association",101 S Main St,BRIDGER,MT,100000.0,75000.0,03-22-20,2020,0.75,9,18
"Fabtronic, Inc.",51685 Industrial Dr,MACOMB,MI,"JPMorgan Chase Bank, National Association",1111 Polaris Pkwy,COLUMBUS,OH,350000.0,175000.0,03-23-20,2020,6.75,120,2
"Fabtronic, Inc.",51685 Industrial Dr,MACOMB,MI,"JPMorgan Chase Bank, National Association",1111 Polaris Pkwy,COLUMBUS,OH,1151100.0,863325.0,03-23-20,2020,6.0,120,2
"Ideal Aerosmith, Inc.",3001 S Washington St,GRAND FORKS,ND,Bank Forward,390 Wheat St,HANNAFORD,ND,1000000.0,900000.0,03-24-20,2020,6.75,12,4
Compass Retirement Consulting,118 PORTSMOUTH AVE SUITE A2,STRATHAM,NH,"Citizens Bank, National Association",1 Citizens Plaza,PROVIDENCE,RI,175000.0,87500.0,03-24-20,2020,6.75,120,2
Terra Foods Trading Corp.,20533 Biscayne Blvd,Aventura,FL,First American Bank,700 Busse Rd,ELK GROVE VILLAGE,IL,100000.0,90000.0,03-24-20,2020,5.25,12,4
"Ellis Dozer Service, LLC",59 ROGERS ROAD,SEMINARY,MS,Covington County Bank,102 S Dogwood Ave,COLLINS,MS,350000.0,175000.0,03-25-20,2020,5.75,12,13
Jupiter Electric Corporation,1100 Cottonwood Avenue,Hartland,WI,The Huntington National Bank,17 S High St,COLUMBUS,OH,300000.0,225000.0,03-25-20,2020,7.5,120,2
"Abtech, Inc.",126 Route 12,FITZWILLIAM,NH,Mascoma Bank,67 N Park St,LEBANON,NH,180000.0,90000.0,03-25-20,2020,4.25,12,2
MS TRANSPORT LLC,3315 Prairie Ave,Royal Oak,MI,The Huntington National Bank,17 S High St,COLUMBUS,OH,45500.0,22750.0,03-25-20,2020,5.2,84,2
WILSON FARMS,240 blackjack road,COLLINS,MS,Covington County Bank,102 S Dogwood Ave,COLLINS,MS,11800.0,5900.0,03-27-20,2020,12.0,60,2
GM Expedite LLC,2110 Enterprise ST SE,Grand Rapids,MI,The Huntington National Bank,17 S High St,COLUMBUS,OH,61400.0,30700.0,03-27-20,2020,5.95,84,10
"Gayatri, Inc.",170 Housatonic Street,LEE,MA,Lee Bank,75 Park St,LEE,MA,50000.0,25000.0,03-30-20,2020,1.5,84,2
"Myers Insualting Services, Inc",7114 Hollyhock Ln,Solon,OH,The Huntington National Bank,17 S High St,COLUMBUS,OH,50000.0,25000.0,03-31-20,2020,7.25,120,3
"ASDA Enterprises, Inc.",6320 MCHENRY ST,BURLINGTON,WI,"U.S. Bank, National Association",425 Walnut St,CINCINNATI,OH,150000.0,75000.0,03-31-20,2020,6.25,84,6
"Montana International, LLC",1660 East River Rd,GRAND ISLAND,NY,"Community Bank, National Association",45-49 Court St,CANTON,NY,60000.0,30000.0,04-01-20,2020,1.0,84,2
Geo-Ex Subsurface Exploration,704 N Adams St,DIXON,CA,Five Star Bank,3100 Zinfandel Dr. Ste. 650,Rancho Cordova,CA,200000.0,100000.0,04-02-20,2020,6.0,84,3
Wasatch Railroad Contractors,8 Muskrat Road,Shoshoni,WY,Gulf Coast Bank and Trust Company,200 St. Charles Ave,NEW ORLEANS,LA,500000.0,375000.0,04-03-20,2020,7.0,300,2
Wasatch Railroad Contractors,8 Muskrat Road,Shoshoni,WY,Gulf Coast Bank and Trust Company,200 St. Charles Ave,NEW ORLEANS,LA,830000.0,622500.0,04-03-20,2020,7.0,120,2
SPELLMAN LANDSCAPING INC,3 TUCKER ST,MILTON,MA,Eastern Bank,265 Franklin St,BOSTON,MA,21000.0,10500.0,04-03-20,2020,3.99,60,3
"LONGFELLOW BREWING COMPANY, LL",4135 Hiawatha Avenue,Minneapolis,MN,Highland Bank,701 Central Ave E,SAINT MICHAEL,MN,100000.0,50000.0,04-04-20,2020,5.75,12,2
Poultry and Industrial Supplie,12201 SW 132 COURT,MIAMI,FL,Banesco USA,"150 Alhambra Circle, Ste 100",CORAL GABLES,FL,3000000.0,2700000.0,04-06-20,2020,5.0,12,7
Arch Systems LLC,1800 Washington Blvd Suite 421,Baltimore,MD,Manufacturers and Traders Trust Company,"One M & T Plaza, 15th Fl",BUFFALO,NY,750000.0,562500.0,04-08-20,2020,5.5,90,2
Hilltop Furniture,4724 COUNTY LINE RD,GILMAN,WI,The First Bank of Baldwin,990 Main St,BALDWIN,WI,112700.0,56350.0,04-08-20,2020,5.5,48,2
Altus Vinyl LLC,2234 NORTHWESTERN AVE,RACINE,WI,Educators CU,1326 Willow Rd,MOUNT PLEASANT,WI,150000.0,75000.0,04-09-20,2020,4.75,120,6
Assisted Living Pharmacy Servi,5138 CAMPBELL DR,MENOMONEE FALLS,WI,First Savings Bank,702 N. Shore Dr. #300,Jeffersonville,IN,3525000.0,2361750.0,04-10-20,2020,5.75,312,2
AML Transport LLC,7139 HARTMAN DRIVE SE,CALEDONIA,MI,The Huntington National Bank,17 S High St,COLUMBUS,OH,33500.0,16750.0,04-10-20,2020,4.7,60,2
GENERAL SHOE & LUGGAGE REPAIR,2043 CENTRE ST,WEST ROXBURY,MA,Eastern Bank,265 Franklin St,BOSTON,MA,10000.0,5000.0,04-13-20,2020,3.99,60,2
"McILvain Enterprises, Inc.",2510 McBride Devillier Loop,WINNIE,TX,First Savings Bank,702 N. Shore Dr. #300,Jeffersonville,IN,4723000.0,4250700.0,04-14-20,2020,6.0,120,2
"Richard Jessup Associates, Inc",1161 Seventh St,Maumee,OH,The Huntington National Bank,17 S High St,COLUMBUS,OH,66500.0,33250.0,04-15-20,2020,5.5,120,2
AGS Tax Group Corp,195 Market St,Lynn,MA,Eastern Bank,265 Franklin St,BOSTON,MA,25000.0,12500.0,04-17-20,2020,3.99,60,2
"Sitesource, LLC",49 Wilson Road,Princeton,NJ,"Fulton Bank, National Association",One Penn Sq,LANCASTER,PA,2000000.0,1500000.0,04-20-20,2020,5.25,12,3
"Heartland Document Services, I",13425 A ST,OMAHA,NE,"Wells Fargo Bank, National Association",101 N Philips Ave,SIOUX FALLS,SD,1413000.0,1059750.0,04-20-20,2020,5.1,120,2
"Jass Trucking, Inc.",5324 Grassy Bank Ct,Indianapolis,IN,The Huntington National Bank,17 S High St,COLUMBUS,OH,25000.0,12500.0,04-20-20,2020,5.0,120,3
Dante Antonelli Cement Contrac,5661 Comance St NW,North Canton,OH,The Huntington National Bank,17 S High St,COLUMBUS,OH,100000.0,50000.0,04-20-20,2020,4.5,120,2
Vector Choice Technology Solut,2180 SATELLITE BLVD,DULUTH,GA,Vinings Bank,4135 S Atlanta Rd,SMYRNA,GA,350000.0,262500.0,04-21-20,2020,6.0,120,2
LD Smith Plumbing Inc.,2400 Southeastern Ave,Indianapolis,IN,The Bancorp Bank,"409 Silverside Rd, Ste 105",WILMINGTON,DE,275200.0,206400.0,04-21-20,2020,6.0,120,4
Bello Woods Golf Course Inc,23650 23 MILE ROAD,MACOMB,MI,The Huntington National Bank,17 S High St,COLUMBUS,OH,16600.0,8300.0,04-21-20,2020,6.0,60,2
McIntosh Trail Management Serv,747 S HILL ST AND 726 & 729 8T,GRIFFIN,GA,"Harvest Small Business Finance, LLC",24422 Avenida de la Carlota,Laguna Hills,CA,2415000.0,1811250.0,04-22-20,2020,5.25,300,2
Miss Steel LLC,"101 Route 67, Suite C",Mechanicville,NY,Chemung Canal Trust Company,One Chemung Canal Plz,ELMIRA,NY,250000.0,125000.0,04-22-20,2020,5.25,75,2
"Phend Plumbing and Rooter, LLC",231 S Sirrine,Mesa,AZ,Arizona FCU,333 N 44th St,PHOENIX,AZ,259000.0,194250.0,04-22-20,2020,5.75,300,2
Popeyes,301 OAK SPRING RD,WASHINGTON,PA,First National Bank of Pennsylvania,166 Main St,GREENVILLE,PA,935800.0,701850.0,04-22-20,2020,6.0,120,3
Coremetals Acquisition Corpora,23 OWATONNA ST,HAWORTH,NJ,Manufacturers and Traders Trust Company,"One M & T Plaza, 15th Fl",BUFFALO,NY,3000000.0,2700000.0,04-22-20,2020,6.125,12,3
Spilt Ink SLC LLC,50 West 3900 South,Salt Lake City,UT,First Utah Bank,3826 S 2300 East,SALT LAKE CITY,UT,150000.0,127500.0,04-22-20,2020,5.25,96,5
"Shidhi Vinayak, LLC",8484 ABERCORN ST,SAVANNAH,GA,IncredibleBank,327 N 17th Ave,WAUSAU,WI,604000.0,453000.0,04-22-20,2020,5.25,300,2
"Shidhi Vinayak, LLC",8484 ABERCORN ST,SAVANNAH,GA,IncredibleBank,327 N 17th Ave,WAUSAU,WI,3000000.0,2250000.0,04-22-20,2020,5.25,300,2
Vector Choice Technology Solut,2180 SATELLITE BLVD,DULUTH,GA,Vinings Bank,4135 S Atlanta Rd,SMYRNA,GA,150000.0,112500.0,04-22-20,2020,6.0,120,2
"La Puerta Originals, Inc.",4523 STATE HIGHWAY 14,SANTA FE,NM,"U.S. Bank, National Association",425 Walnut St,CINCINNATI,OH,150000.0,75000.0,04-22-20,2020,6.25,84,2
"La Puerta Originals, Inc.",4523 State Hwy 14,SANTA FE,NM,"U.S. Bank, National Association",425 Walnut St,CINCINNATI,OH,312600.0,234450.0,04-22-20,2020,5.0,120,2
J.B. Truck Service LLC,1231 GREEN BAY RD,STURGEON BAY,WI,"U.S. Bank, National Association",425 Walnut St,CINCINNATI,OH,439500.0,329625.0,04-23-20,2020,6.09,300,2
"Blizzard Lighting, LLC",N24 W23750 Watertown Road Suit,WAUKESHA,WI,Byline Bank,"180 N LaSalle St, Ste 300",CHICAGO,IL,1150000.0,862500.0,04-23-20,2020,5.75,120,2
"B&B Bow Wow, Inc.",4310 BENNETT MEMORIAL RD SUITE,DURHAM,NC,Pinnacle Bank,"150 Third Ave S, Ste 900",NASHVILLE,TN,350000.0,175000.0,04-23-20,2020,4.75,120,2
Global Food Corporation,"11450 NW 122ND ST, BLDG A SU",MEDLEY,FL,"Citibank, N.A.",701 East 60th St North,SIOUX FALLS,SD,5000000.0,4500000.0,04-23-20,2020,3.75,12,5
"Mercator, Inc.",2941 Wakefield Pines Drive,RALEIGH,NC,North State Bank,6204 Falls of Neuse Rd,RALEIGH,NC,800000.0,600000.0,04-23-20,2020,6.0,120,5
Reptiles by Mack LLC,1332 Burnett Drive,Xenia,OH,The Huntington National Bank,17 S High St,COLUMBUS,OH,207500.0,155625.0,04-23-20,2020,5.25,120,2
"APEX PROPERTY SERVICES, INC.",14 APOLLO RD UNIT 4,PLYMOUTH,MA,First Savings Bank,702 N. Shore Dr. #300,Jeffersonville,IN,600300.0,450225.0,04-24-20,2020,6.0,120,2
Henke Trucking,2740 41ST AVE,CENTER,ND,Capital CU,204 W Thayer Ave,BISMARCK,ND,40000.0,20000.0,04-24-20,2020,7.0,36,2
"Trasco Wellness, LLC",1532 OAKFIELD DR SUITE A,BRANDON,FL,Seacoast National Bank,815 Colorado Ave,STUART,FL,650000.0,487500.0,04-24-20,2020,6.0,120,2
"Tonewood Brewing, LLC",215 West Clinton Ave,Oaklyn,NJ,KeyBank National Association,127 Public Sq,CLEVELAND,OH,350000.0,175000.0,04-24-20,2020,5.25,120,2
Environmental Landscape Associ,5095 Route 202,DOYLESTOWN,PA,Firstrust Savings Bank,15 E Ridge Pike,CONSHOHOCKEN,PA,1180000.0,885000.0,04-25-20,2020,6.0,300,6
"Ag Tech Drainage, LLC",40536 US Highway 71,SAUK CENTRE,MN,Central Minnesota CU,20 4th Ave E,MELROSE,MN,500000.0,250000.0,04-25-20,2020,4.25,13,4
"Just Mike's Jerky Company, Inc",711 W SMITH RD,MEDINA,OH,First Commonwealth Bank,600 Philadelphia St,INDIANA,PA,100000.0,50000.0,04-26-20,2020,5.0,120,2
"Just Mike's Jerky Company, Inc",711 W. SMITH RD,MEDINA,OH,First Commonwealth Bank,600 Philadelphia St,INDIANA,PA,2435000.0,2191500.0,04-26-20,2020,6.0,120,2
American Trading International,3415 S. SEPULVEDA BLVD Suite #,LOS ANGELES,CA,"Citibank, N.A.",701 East 60th St North,SIOUX FALLS,SD,3000000.0,2700000.0,04-27-20,2020,1.95,12,3
"2Nsystems, LLC",2448 Water Street,Victoria,MN,Highland Bank,701 Central Ave E,SAINT MICHAEL,MN,800000.0,400000.0,04-27-20,2020,5.25,24,2
Electronic Data Magnetics Inc,210 OLD THOMASVILLE RD,HIGH POINT,NC,Truist Bank d/b/a Branch Banking & Trust Co,214 N Tryon St,CHARLOTTE,NC,1500000.0,1350000.0,04-27-20,2020,4.25,12,4
"Delex Systems, Inc.",13865 SUNRISE VALLEY DR Suite,HERNDON,VA,Truist Bank d/b/a Branch Banking & Trust Co,214 N Tryon St,CHARLOTTE,NC,5000000.0,4500000.0,04-27-20,2020,2.69088,12,2
P&E Painting,250 4th ST,FRANNIE,WY,"Bank of Bridger, National Association",101 S Main St,BRIDGER,MT,90400.0,76840.0,04-27-20,2020,6.75,7,3
"T1O, Inc.",4600 E BROAD ST,COLUMBUS,OH,Citizens Bank,300 Broad St,ELIZABETHTON,TN,2028000.0,1521000.0,04-28-20,2020,5.25,312,2
MONTOOTH UNDERGROUND UTILITIES,487 CR 108,FREMONT,OH,The Huntington National Bank,17 S High St,COLUMBUS,OH,10800.0,5400.0,04-28-20,2020,5.1,60,2
REDEFINE NUTRITION,3615 FRANCIS CIR STE 100,ALPHARETTA,GA,Regions Bank,1900 5th Ave North,BIRMINGHAM,AL,2000000.0,1500000.0,04-29-20,2020,3.75,36,2
"Ellis Dozer Service, LLC",59 Rogers Road,SEMINARY,MS,Covington County Bank,102 S Dogwood Ave,COLLINS,MS,45900.0,22950.0,04-29-20,2020,6.25,48,13
"Condit Exhibits, LLC",5151 BANNOCK ST Suite D,DENVER,CO,"Sunflower Bank, National Association","1400 16th St, Ste 250",DENVER,CO,1464000.0,1098000.0,04-29-20,2020,6.25,120,2
"Condit Exhibits, LLC",5151 BANNOCK ST Suite D,DENVER,CO,"Sunflower Bank, National Association","1400 16th St, Ste 250",DENVER,CO,1766000.0,1324500.0,04-29-20,2020,4.75,120,2
12 Baskets Inc,8923 N BOULEVARD,TAMPA,FL,Metro City Bank,5114 Buford Hwy,DORAVILLE,GA,480000.0,360000.0,04-29-20,2020,4.5,300,2
Miss Steel LLC,"101 Route 67, Suite C",Mechanicville,NY,Chemung Canal Trust Company,One Chemung Canal Plz,ELMIRA,NY,88000.0,44000.0,04-29-20,2020,5.25,60,2
Burton & Mayer Inc.,W140N9000 LILLY ROAD,MENOMONEE FALLS,WI,Waukesha State Bank,151 E St. Paul Ave,WAUKESHA,WI,1175000.0,881250.0,04-29-20,2020,6.0,120,6
"Wood Fiber International, Inc",780 AUTUMN CLOSE,ALPHARETTA,GA,Regions Bank,1900 5th Ave North,BIRMINGHAM,AL,4000000.0,3600000.0,04-29-20,2020,6.86,12,2
"Webber Consulting, Inc.",190 N DOUGLAS ST,CANBY,OR,Columbia State Bank,1301 A St,TACOMA,WA,25000.0,12500.0,04-30-20,2020,5.75,120,2
Edible Arrangements,620 CONGAREE RD BLDG B,GREENVILLE,SC,West Town Bank & Trust,7820 W 26th St,NORTH RIVERSIDE,IL,486000.0,364500.0,04-30-20,2020,6.0,120,6
Duluth Screen Printing Company,345 South Lake Avenue,Duluth,MN,Choice Financial Group,4501 23rd Ave South,FARGO,ND,410000.0,307500.0,04-30-20,2020,7.25,120,2
Now Ventures Inc.,841 Worcester St # 528,Natick,MA,Eastern Bank,265 Franklin St,BOSTON,MA,25000.0,12500.0,05-01-20,2020,3.99,60,2
"Oasis Trading, L.L.C.",146 Hwy 63 S,Warren,AR,"BizCapital BIDCO I, LLC",909 Poydras Street,NEW ORLEANS,LA,1500000.0,1350000.0,05-04-20,2020,6.0,120,8
Rizzo Plumbing & Heating LLC,P O Box 157,North Weymouth,MA,South Shore Bank,1530 Main St,WEYMOUTH,MA,25000.0,12500.0,05-05-20,2020,5.25,60,2
"Southern Cross Aviation, LLC",1120 NW 51ST CT,FORT LAUDERDALE,FL,"Citibank, N.A.",701 East 60th St North,SIOUX FALLS,SD,5000000.0,4500000.0,05-05-20,2020,2.5,12,6
Duluth Screen Printing Company,345 South Lake Avenue,DULUTH,MN,Choice Financial Group,4501 23rd Ave South,FARGO,ND,250000.0,125000.0,05-05-20,2020,5.75,120,2
LOVEJOY CONTROLS CORPORATION,N30W22377  GREEN RD STE E,WAUKESHA,WI,Waukesha State Bank,151 E St. Paul Ave,WAUKESHA,WI,700000.0,525000.0,05-05-20,2020,5.5,12,7
Imperial Asphalt and Aggregate,"158 South Ave, 2nd apt 1G",MOUNT VERNON,NY,"People's United Bank, National Association",850 Main St,BRIDGEPORT,CT,546000.0,409500.0,05-05-20,2020,4.55,84,2
"Spero Solutions, Inc.","1431 Greenway Dr, Suite 975",Irving,TX,Texas Security Bank,1212 Turtle Creek Blvd,DALLAS,TX,383400.0,287550.0,05-06-20,2020,6.0,96,2
Ten Sleep Brewing Co.,2549B HWY 16,TEN SLEEP,WY,"Bank of Bridger, National Association",101 S Main St,BRIDGER,MT,270000.0,202500.0,05-06-20,2020,5.25,240,3
"Semi-Bulk Systems, Inc",159 CASSENS CT,FENTON,MO,Cass Commercial Bank,"12412 Powerscourt Dr, Ste 175",SAINT LOUIS,MO,1500000.0,1350000.0,05-06-20,2020,4.75,12,5
"U.S. International Foods, LLC",2607 N 14TH ST,SAINT LOUIS,MO,Busey Bank,100 W University Ave,CHAMPAIGN,IL,300000.0,270000.0,05-06-20,2020,6.0,6,4
REDEFINE NUTRITION,3615 FRANCIS CIR STE 100,ALPHARETTA,GA,Regions Bank,1900 5th Ave North,BIRMINGHAM,AL,750000.0,675000.0,05-07-20,2020,3.75,12,2
"Galaxy Park, LLC",14460 Falls of Neuse Rd,RALEIGH,NC,North State Bank,6204 Falls of Neuse Rd,RALEIGH,NC,450000.0,337500.0,05-07-20,2020,6.0,120,3
ExcelAg Corp.,7300 N. KENDALL DR SUITE 521,MIAMI,FL,Banesco USA,"150 Alhambra Circle, Ste 100",CORAL GABLES,FL,2500000.0,2250000.0,05-08-20,2020,4.25,12,7
AML Transport LLC,7641 Division Ave S,Grand Rapids,MI,The Huntington National Bank,17 S High St,COLUMBUS,OH,33400.0,16700.0,05-12-20,2020,5.05,60,2
Springer Precision LLC,356 6TH ST SW,REDMOND,OR,"U.S. Bank, National Association",425 Walnut St,CINCINNATI,OH,35000.0,17500.0,05-12-20,2020,6.75,84,2
Imperial Asphalt and Aggregate,158 South 2nd Ave Apt 1G,MOUNT VERNON,NY,"People's United Bank, National Association",850 Main St,BRIDGEPORT,CT,546000.0,409500.0,05-12-20,2020,4.25,84,2
"Joe Dickey Electric, Inc",180 W South Range Rd.,NORTH LIMA,OH,TCF National Bank,2508 S Louise Ave,SIOUX FALLS,SD,5000000.0,3750000.0,05-13-20,2020,4.25,12,2
"King Capital Transport, LLC",3155 BLUESTEM DR,WEST FARGO,ND,Aspire Bank,"5195 45th St, South",FARGO,ND,350000.0,175000.0,05-13-20,2020,4.75,36,2
Square Circle Enterprises Inc,6375 HIX RD,WESTLAND,MI,First National Bank of Pennsylvania,166 Main St,GREENVILLE,PA,200000.0,100000.0,05-13-20,2020,5.75,120,2
Aqua Vitea LLC,153 POND LANE,MIDDLEBURY,VT,Community National Bank,4811 US Rte 5,DERBY,VT,500000.0,375000.0,05-13-20,2020,4.25,120,2
Corporate Auto Relocation Serv,3101 39TH ST SW Suite B,FARGO,ND,Security Bank USA,1025 Paul Bunyan Dr NW,BEMIDJI,MN,95300.0,47650.0,05-14-20,2020,5.5,12,12
"2Nsystems, LLC",2448 Water Street,Victoria,MN,Highland Bank,701 Central Ave E,SAINT MICHAEL,MN,700000.0,525000.0,05-14-20,2020,5.25,120,2
"Udell Dental Laboratory, Inc.",3361 GORHAM AVE,MINNEAPOLIS,MN,"U.S. Bank, National Association",425 Walnut St,CINCINNATI,OH,250000.0,125000.0,05-14-20,2020,3.99,84,2
"TSI Plastics, Inc.",10053 FLANDERS CT NE,ANOKA,MN,Platinum Bank,7667 10th St N,OAKDALE,MN,500000.0,450000.0,05-15-20,2020,4.25,12,2
"R & T Transportation, LLC",1919 Archwood Dr,Wayland,MI,The Huntington National Bank,17 S High St,COLUMBUS,OH,58900.0,29450.0,05-15-20,2020,5.2,84,4
"Installations Plus, Inc.",217 COMMONWEALTH AVE,BOSTON,MA,St. Mary's CU,46 Lizotte Dr,MARLBOROUGH,MA,350000.0,175000.0,05-18-20,2020,1.0,24,5
"Trasco Wellness, LLC",1532 OAKFIELD DR SUITE A,BRANDON,FL,Seacoast National Bank,815 Colorado Ave,STUART,FL,350000.0,262500.0,05-18-20,2020,6.0,120,2
"Hunsaker Law Office, P.C.",273 N GRANT ST,CANBY,OR,Columbia State Bank,1301 A St,TACOMA,WA,25000.0,12500.0,05-19-20,2020,5.75,120,2
"METRO TRANSPORTATION, INC.",200 Airpark Drive Suite 20,ROCHESTER,NY,Genesee Regional Bank,1850 S Winton Rd,ROCHESTER,NY,200000.0,100000.0,05-20-20,2020,4.25,120,2
"METRO TRANSPORTATION, INC.",200 Airpark Drive Suite 20,ROCHESTER,NY,Genesee Regional Bank,1850 S Winton Rd,ROCHESTER,NY,250000.0,125000.0,05-20-20,2020,3.68,60,2
Lake Escapes LLC,16003 N SUNCREST DR,NINE MILE FALLS,WA,Northwest Bank,"1750 W Front St, Ste 150",BOISE,ID,110000.0,82500.0,05-21-20,2020,4.75,120,3
Lake Escapes LLC,16003 N SUNCREST DR,NINE MILE FALLS,WA,Northwest Bank,"1750 W Front St, Ste 150",BOISE,ID,58000.0,49300.0,05-21-20,2020,4.75,120,3
Lake Escapes LLC,16003 N SUNCREST DR,NINE MILE FALLS,WA,Northwest Bank,"1750 W Front St, Ste 150",BOISE,ID,69000.0,58650.0,05-21-20,2020,4.75,120,3
Stephen Warnecke,17052 Seminole Shore Dr,Huntsville,OH,The Huntington National Bank,17 S High St,COLUMBUS,OH,46100.0,23050.0,05-21-20,2020,5.05,60,2
"MAGNA TECHNOLOGIES, INC.",40 Downfield Drive,SAINT CHARLES,MO,Enterprise Bank & Trust,150 N Meramec Ave,CLAYTON,MO,925000.0,832500.0,05-21-20,2020,4.75,12,3
"MAGNA TECHNOLOGIES, INC.",40 Downfield Drive,SAINT CHARLES,MO,Enterprise Bank & Trust,150 N Meramec Ave,CLAYTON,MO,225000.0,202500.0,05-21-20,2020,4.75,12,3
Hidden Serenity LLC,1876 Shalom Dr,WEST BEND,WI,Bank Five Nine,155 W Wisconsin Ave,OCONOMOWOC,WI,25000.0,21250.0,05-22-20,2020,5.25,120,2
Lily Max LLC dba Maine Limousi,70 Pleasant Hill Road,SCARBOROUGH,ME,Norway Savings Bank,261 Main St,NORWAY,ME,25000.0,12500.0,05-26-20,2020,4.5,60,2
"FIRST CALL PROPANE, INC.",3752 West Highway 87,Roosevelt,UT,"Zions Bank, A Division of",1 S Main St,SALT LAKE CITY,UT,100000.0,50000.0,05-26-20,2020,5.25,120,4
NDA Associates PLLC,71 Knight Lane,Williston,VT,Union Bank,20 Lower Main St,MORRISVILLE,VT,50000.0,25000.0,05-26-20,2020,4.75,120,3
MONTOOTH UNDERGROUND UTILITIES,487 CR 108,FREMONT,OH,The Huntington National Bank,17 S High St,COLUMBUS,OH,10800.0,5400.0,05-28-20,2020,5.1,60,2
Quality Data Systems Inc.,8655 Crown Crescent Court,Charlotte,NC,First Bank,300 E Sugarland Hwy,CLEWISTON,FL,340400.0,170200.0,06-01-20,2020,5.0,60,2
El Rosario,114 2Nd Ave N,Sauk Rapids,MN,Falcon National Bank,183 Cedar Dr,FOLEY,MN,857500.0,643125.0,06-01-20,2020,5.25,120,4
Anytime Fitness,"5138 UTSA Blvd., Suite 109",SAN ANTONIO,TX,Live Oak Banking Company,1741 Tiburon Dr,WILMINGTON,NC,750000.0,562500.0,06-03-20,2020,5.25,126,15
Lake Escapes LLC,16003 N SUNCREST DR,NINE MILE FALLS,WA,Northwest Bank,"1750 W Front St, Ste 150",BOISE,ID,9500.0,7125.0,06-08-20,2020,4.75,120,3
Joe Allen Leasing Llc,3751 141ST AVENUE,HAMILTON,MI,The Huntington National Bank,17 S High St,COLUMBUS,OH,30200.0,15100.0,06-09-20,2020,5.45,60,2
"Jass Trucking, Inc.",5324 Grassy Bank Ct,Indianapolis,IN,The Huntington National Bank,17 S High St,COLUMBUS,OH,36400.0,18200.0,06-09-20,2020,5.05,60,3
"Jass Trucking, Inc.",5324 Grassy Bank Ct,Indianapolis,IN,The Huntington National Bank,17 S High St,COLUMBUS,OH,36400.0,18200.0,06-09-20,2020,5.05,60,3
Corporate Auto Relocation Serv,3101 39TH ST S STE B,FARGO,ND,Security Bank USA,1025 Paul Bunyan Dr NW,BEMIDJI,MN,313500.0,156750.0,06-09-20,2020,5.375,84,12
Havenyield Tree Farm LLC,331 NE 70TH ST,OKLAHOMA CITY,OK,BancFirst,"101 N Broadway, Ste 1050",OKLAHOMA CITY,OK,50000.0,25000.0,06-10-20,2020,4.75,120,3
The Auto - Diesel Shop LLC,1889 E WHEELING AVE,CAMBRIDGE,OH,The Community Bank,113 N Fifth St,ZANESVILLE,OH,20000.0,10000.0,06-10-20,2020,5.875,48,2
Randy Ryan Trucking LLC,1773 State Route 511,Ashland,OH,The Huntington National Bank,17 S High St,COLUMBUS,OH,122200.0,61100.0,06-10-20,2020,5.05,60,3
"The Livewell Collective, LLC",1481 Showcase Drive,Columbus,OH,Meridian Bank,9 Old Lincoln Hwy,MALVERN,PA,750000.0,562500.0,06-10-20,2020,4.25,36,2
"Western Timber Frame, Inc",181 S 1200 E,Lehi,UT,West Town Bank & Trust,7820 W 26th St,NORTH RIVERSIDE,IL,350000.0,262500.0,06-11-20,2020,6.0,120,2
NDA Associates PLLC,71 Knight Lane,Williston,VT,Union Bank,20 Lower Main St,MORRISVILLE,VT,31400.0,26690.0,06-11-20,2020,5.0,84,3
"Thomas Dental Care, PC",12406 E. 86Th Street North,Owasso,OK,First Bank of Owasso,8601 N Garnett Rd,OWASSO,OK,150000.0,127500.0,06-11-20,2020,6.0,84,2
"Noble Northwest Enterprises, I",16477 46TH CT SE,BELLEVUE,WA,"U.S. Bank, National Association",425 Walnut St,CINCINNATI,OH,250000.0,125000.0,06-11-20,2020,2.74,48,2
WGI Telecom Inc.,1786 N. COMMERCE PKWY,WESTON,FL,Banesco USA,"150 Alhambra Circle, Ste 100",CORAL GABLES,FL,850000.0,765000.0,06-12-20,2020,5.0,12,13
Lake Escapes LLC,16003 N SUNCREST DR,NINE MILE FALLS,WA,Northwest Bank,"1750 W Front St, Ste 150",BOISE,ID,77000.0,57750.0,06-12-20,2020,4.75,120,3
"AVANTI CIRCUITS, INC.",17650  25TH AVE N,PHOENIX,AZ,"U.S. Bank, National Association",425 Walnut St,CINCINNATI,OH,50000.0,25000.0,06-12-20,2020,6.75,84,2
"Thomas Eye Care, PC",12406 E. 86Th Street North,Owasso,OK,First Bank of Owasso,8601 N Garnett Rd,OWASSO,OK,150000.0,127500.0,06-12-20,2020,6.0,84,2
WGI Telecom Inc.,1786 N. COMMERCE PKWY,WESTON,FL,Banesco USA,"150 Alhambra Circle, Ste 100",CORAL GABLES,FL,150000.0,135000.0,06-15-20,2020,5.0,12,13
C & C Farms And Excavating Inc,32091 BEECH CAMP RD,LOGAN,OH,The Huntington National Bank,17 S High St,COLUMBUS,OH,100000.0,50000.0,06-15-20,2020,5.0,120,2
"Heroes Rise Coffee Company, LL",2858 MILLER RD SW,BEMIDJI,MN,Ultima Bank Minnesota,9 W Minnesota Ave,WINGER,MN,15000.0,7500.0,06-15-20,2020,7.25,60,2
"Heroes Rise Coffee Company, LL",2852 MILLER RD Sw,BEMIDJI,MN,Ultima Bank Minnesota,9 W Minnesota Ave,WINGER,MN,73000.0,62050.0,06-15-20,2020,6.75,84,2
Heat Relief Co,13122 DAVID CIR #800,PORTLAND,OR,Banner Bank,10 S First Ave,WALLA WALLA,WA,50000.0,25000.0,06-16-20,2020,5.75,36,2
Everest Valve Co.,6612 AVENUE U,HOUSTON,TX,Comerica Bank,1717 Main St,DALLAS,TX,2000000.0,1800000.0,06-16-20,2020,4.25,12,5
Fantastic Finds Inc.,2925 Wood  St,Lansing,MI,The Huntington National Bank,17 S High St,COLUMBUS,OH,100000.0,50000.0,06-17-20,2020,6.0,120,2
"Creative Lighting, Inc.",1728 Concordia Avenue,St. Paul,MN,Highland Bank,701 Central Ave E,SAINT MICHAEL,MN,200000.0,100000.0,06-17-20,2020,4.25,60,2
Best Cutting Die Company,8080 N. McCormick Blvd.,Skokie,IL,First American Bank,700 Busse Rd,ELK GROVE VILLAGE,IL,500000.0,450000.0,06-17-20,2020,3.25,12,5
"Nexterra, Inc.",4733 CLARK AVE NE,KEIZER,OR,Columbia State Bank,1301 A St,TACOMA,WA,25000.0,12500.0,06-18-20,2020,5.75,120,2
"All Peak Holdings, LLC",1915 AIRPORT RD UNIT 105,BRECKENRIDGE,CO,"Wells Fargo Bank, National Association",101 N Philips Ave,SIOUX FALLS,SD,1144500.0,858375.0,06-22-20,2020,5.45,120,2
Jonathan L. Austin-Shortt,358 Stanton Rd.,Danville,VT,North Country FCU,69 Swift St,SOUTH BURLINGTON,VT,90000.0,45000.0,06-23-20,2020,4.74,72,2
Demetech Corporation,14175 NW 60th Ave.,Miami Lakes,FL,First American Bank,700 Busse Rd,ELK GROVE VILLAGE,IL,4000000.0,3600000.0,06-23-20,2020,4.25,12,12
METAL ROOFING SOLUTIONS LLC,6225 48TH AVE W # 102,WHEAT RIDGE,CO,"U.S. Bank, National Association",425 Walnut St,CINCINNATI,OH,46000.0,23000.0,06-24-20,2020,4.49,24,2
"TR Concrete, Inc.",20002 FERRET ST,ELK RIVER,MN,Maple Bank,11660 Theatre Dr North,CHAMPLIN,MN,87700.0,43850.0,06-24-20,2020,5.0,36,5
Skyline Landscape Design LLC,34111 Oak Knoll Rd,Burlington,WI,Community State Bank,1500 Main St,UNION GROVE,WI,19000.0,9500.0,06-24-20,2020,5.25,72,2
"Just Mike's Jerky Company, Inc",711 W. SMITH RD,MEDINA,OH,First Commonwealth Bank,600 Philadelphia St,INDIANA,PA,2435000.0,2191500.0,06-25-20,2020,6.0,120,2
Central Print Source LLC,453 COLUMBIA RD,HANOVER,MA,South Shore Bank,1530 Main St,WEYMOUTH,MA,200000.0,100000.0,06-25-20,2020,5.25,120,2
"Just Mike's Jerky Company, Inc",711 W.SMITH RD,MEDINA,OH,First Commonwealth Bank,600 Philadelphia St,INDIANA,PA,100000.0,50000.0,06-25-20,2020,5.0,120,2
The Tea Shoppe LLC,3170 university avenue,Morgantown,WV,Clear Mountain Bank,Morgantown St,BRUCETON MILLS,WV,20000.0,10000.0,06-25-20,2020,5.0,30,2
Swannies Golf Apparel Co.,1599 MCKUSICK RD N,STILLWATER,MN,Minnwest Bank,300 S Washington St,REDWOOD FALLS,MN,650000.0,487500.0,06-26-20,2020,5.75,120,2
Eunyoung Electric Corporation,2329 E. PACIFICA PL,Rancho Dominguez,CA,Bank of Hope,"3200 Wilshire Blvd, Ste 1400",LOS ANGELES,CA,1800000.0,1620000.0,06-26-20,2020,5.25,12,7
Anytime Fitness,15502 STONEYBROOK WEST PKWY,WINTER GARDEN,FL,Live Oak Banking Company,1741 Tiburon Dr,WILMINGTON,NC,675000.0,506250.0,06-29-20,2020,5.25,122,15
Danville Signal Processing Inc,29687 82nd Ave Way,CANNON FALLS,MN,Frandsen Bank & Trust,116 W Central St,LONSDALE,MN,250000.0,125000.0,06-30-20,2020,4.25,120,3
"Lead Engineering Contractors,",5757  Blue Lagoon Drive,Miami,FL,First American Bank,700 Busse Rd,ELK GROVE VILLAGE,IL,500000.0,375000.0,06-30-20,2020,4.25,12,4
"ZG Holdings, LLC",716 PINE ST,BURLINGTON,VT,Community National Bank,4811 US Rte 5,DERBY,VT,1000000.0,750000.0,06-30-20,2020,5.0,120,2
CONTINENTAL SPORT INC.,46959 MORNINGTON RD.,CATNON,MI,The Huntington National Bank,17 S High St,COLUMBUS,OH,19300.0,9650.0,07-01-20,2020,5.9,60,2
Lake Escapes LLC,16003 N SUNCREST DR,NINE MILE FALLS,WA,Northwest Bank,"1750 W Front St, Ste 150",BOISE,ID,85000.0,63750.0,07-03-20,2020,4.75,120,3
Carry On Freight Inc.,2303 VALLEY CREEK EAST LN,INDIANAPOLIS,IN,The Huntington National Bank,17 S High St,COLUMBUS,OH,12500.0,6250.0,07-07-20,2020,5.25,120,2
"Consolidated Inventory Supply,",3479 NORTHBEND CIR,ALCOA,TN,Synovus Bank,1148 Broadway,COLUMBUS,GA,2500000.0,2250000.0,07-07-20,2020,4.5,12,4
Quality Data Systems Inc.,8655 Crown Crescent Court,Charlotte,NC,First Bank,300 E Sugarland Hwy,CLEWISTON,FL,340400.0,170200.0,07-08-20,2020,5.0,60,2
Alliance Garage Doors LLC,23791 Grindstone,LEBANON,MO,Legacy Bank & Trust Company,175 Johnstown Dr,ROGERSVILLE,MO,40000.0,34000.0,07-08-20,2020,6.0,60,2
"SITE SOLUTIONS, LLC",54081 NORTH OLD HIGHWAY 95,Athol,ID,Glacier Bank,202 Main St,KALISPELL,MT,100000.0,50000.0,07-09-20,2020,5.25,120,2
"LYLE WILKENS, INC.",2755 HIGHWAY 75,CROOKSTON,MN,Ultima Bank Minnesota,9 W Minnesota Ave,WINGER,MN,250000.0,125000.0,07-09-20,2020,6.25,60,2
"Advantage Plumbing, Inc.",510 MAPLE ST,MOUNT ANGEL,OR,Columbia State Bank,1301 A St,TACOMA,WA,25000.0,12500.0,07-10-20,2020,5.75,120,2
Computer and Network Paramedic,606-608 BALTIMORE PIKE,SPRINGFIELD,PA,Berkshire Bank,99 North St,PITTSFIELD,MA,500000.0,250000.0,07-10-20,2020,1.75,96,3
"Carbide Cutting Tools SC, Inc.",38 JORDAN DR,TAYLORS,SC,Bank of Travelers Rest,42 Plaza Dr,TRAVELERS REST,SC,1050000.0,787500.0,07-13-20,2020,4.75,120,2
Walter Campbell,9433 State Route 43,Streetsboro,OH,The Huntington National Bank,17 S High St,COLUMBUS,OH,20200.0,10100.0,07-13-20,2020,5.0,60,2
Walter Campbell,9433 State Route 43,Streetsboro,OH,The Huntington National Bank,17 S High St,COLUMBUS,OH,42500.0,21250.0,07-13-20,2020,5.2,84,2
Force Express LLC,7875 Newcomb DR,Parma,OH,The Huntington National Bank,17 S High St,COLUMBUS,OH,28300.0,14150.0,07-14-20,2020,4.6,60,2
BKM TRUCKING LLC,17328 Bear Swap Rd,Marysville,OH,The Huntington National Bank,17 S High St,COLUMBUS,OH,25000.0,12500.0,07-14-20,2020,5.5,120,3
GILCREST SENIOR WELLNESS & FIT,593 GATES ST,DOYLESTOWN,OH,Consumers National Bank,614 E Lincoln Way,MINERVA,OH,55400.0,27700.0,07-14-20,2020,4.25,84,2
"Beast Code, LLC",70 READY AVE North West,FORT WALTON BEACH,FL,Hancock Whitney Bank,2510 14th St,GULFPORT,MS,1000000.0,500000.0,07-15-20,2020,4.25,120,2
"Vida Pharmacy, LLC","8500 Jefferson St NE, STE D",Albuquerque,NM,"Sunflower Bank, National Association","1400 16th St, Ste 250",DENVER,CO,150000.0,75000.0,07-16-20,2020,4.25,120,2
"TRUEIT, LLC",4160 98th Ave S,FARGO,ND,BlackRidgeBANK,"4040 42nd St S, Ste O",FARGO,ND,250000.0,125000.0,07-16-20,2020,4.75,12,2
"Superior Car Care Center, Inc.",5 S Main St,SYRACUSE,KS,The First National Bank of Syracuse,11 N Main St,SYRACUSE,KS,76500.0,38250.0,07-16-20,2020,6.75,60,2
"Chandler Discount Market, LLC",430 MAIN AVE,CHANDLER,MN,State Bank of Chandler,342 Main Ave,CHANDLER,MN,6000.0,3000.0,07-20-20,2020,6.95,11,2
Swannies Golf Apparel Co.,1599 MCKUSICK RD,STILLWATER,MN,Minnwest Bank,300 S Washington St,REDWOOD FALLS,MN,200000.0,150000.0,07-20-20,2020,5.75,120,2
PM Jenkins Group-Professional,4341 South Westnedge Avenue,Kalamazoo,MI,The Huntington National Bank,17 S High St,COLUMBUS,OH,500000.0,250000.0,07-20-20,2020,4.25,120,2
PM Jenkins Group-Professional,4341 South Westnedge Avenue,Kalamazoo,MI,The Huntington National Bank,17 S High St,COLUMBUS,OH,300000.0,225000.0,07-20-20,2020,5.25,120,2
"North Coast Media, LLC",1360 East 9th Street,Cleveland,OH,The Huntington National Bank,17 S High St,COLUMBUS,OH,500000.0,375000.0,07-21-20,2020,4.75,120,2
"North Coast Media, LLC",1360 East 9th Street,Cleveland,OH,The Huntington National Bank,17 S High St,COLUMBUS,OH,322300.0,241725.0,07-21-20,2020,5.25,120,2
Nc Transportation LLC,2601 TULANE DR,LANSING,MI,The Huntington National Bank,17 S High St,COLUMBUS,OH,122500.0,61250.0,07-21-20,2020,4.85,60,2
Entity to be formed,6215 Normandy Dr. Apt. 8,SAGINAW,MI,1st State Bank,"4800 Fashion Square Blvd, Ste",SAGINAW,MI,36000.0,18000.0,07-21-20,2020,6.5,84,12
"Strickland's Enterprises, LLC",3 E HUNDRED RD,CHESTER,VA,Live Oak Banking Company,1741 Tiburon Dr,WILMINGTON,NC,500000.0,375000.0,07-21-20,2020,4.75,120,3
"Advance Protective Coatings, I",8448 Moller Road,Indianapolis,IN,The Huntington National Bank,17 S High St,COLUMBUS,OH,24800.0,12400.0,07-22-20,2020,5.9,60,2
Laser Aiming Systems Corporati,5475 PIONEER CREEK DR,MAPLE PLAIN,MN,Minnesota Bank & Trust,"7701 France Ave S, Ste 110",EDINA,MN,750000.0,675000.0,07-23-20,2020,5.25,12,3
ZYLUN STAFFING LLC,210 N 1200 E STE 200,LEHI,UT,Byline Bank,"180 N LaSalle St, Ste 300",CHICAGO,IL,4285000.0,3213750.0,07-23-20,2020,6.0,120,2
"Furstperson, Inc",801 N. PERRYVILLE RD Ste 2,ROCKFORD,IL,"St. Charles Bank & Trust Company, National Association",411 W Main St,SAINT CHARLES,IL,500000.0,250000.0,07-23-20,2020,4.25,84,3
"Monterey Sportfishing, Inc.",12 Castro Road,Monterey,CA,Monterey County Bank,601 Munras Ave,MONTEREY,CA,1700000.0,1275000.0,07-23-20,2020,6.0,240,2
Weitbrecht Auctioneers Inc.,22 RIVER ST Suite 13,BRAINTREE,MA,St. Mary's CU,46 Lizotte Dr,MARLBOROUGH,MA,27000.0,13500.0,07-28-20,2020,3.0,36,2
GREG CROSBY LOGGING INC,49 TOM LEGGETT RD,SEMINARY,MS,Covington County Bank,102 S Dogwood Ave,COLLINS,MS,139600.0,69800.0,07-28-20,2020,4.75,60,5
"Mercator, Inc.",2941 Wakefield Pines Drive,RALEIGH,NC,North State Bank,6204 Falls of Neuse Rd,RALEIGH,NC,1056000.0,950400.0,07-28-20,2020,6.0,120,5
"Carbide Cutting Tools SC, Inc.",38 JORDAN DR,TAYLORS,SC,Bank of Travelers Rest,42 Plaza Dr,TRAVELERS REST,SC,1100000.0,825000.0,07-30-20,2020,4.75,120,2
The Baker Group LLC,12302 Roberts Rd,Croton,OH,The Huntington National Bank,17 S High St,COLUMBUS,OH,13700.0,6850.0,07-30-20,2020,4.6,60,2
Suad Topalovic,4165 W Saxony Dr SE,Kentwood,MI,The Huntington National Bank,17 S High St,COLUMBUS,OH,50700.0,25350.0,07-30-20,2020,4.85,60,2
"Mckinney- d'Argy Funeral Home,",345 MAIN STREET,BROOKVILLE,PA,Live Oak Banking Company,1741 Tiburon Dr,WILMINGTON,NC,3332000.0,2499000.0,07-30-20,2020,5.0,300,2
"Veto Pro Pac, LLC",3 Morgan Avenue,Norwalk,CT,KeyBank National Association,127 Public Sq,CLEVELAND,OH,3725000.0,2793750.0,07-31-20,2020,5.25,120,3
Bloom Bake Shop LLC,1851 Monroe Street,Madison,WI,Summit CU,1709 Landmark Dr,COTTAGE GROVE,WI,150000.0,127500.0,07-31-20,2020,6.0,100,4
"Galaxy Park, LLC",14460 Falls of Neuse Rd,RALEIGH,NC,North State Bank,6204 Falls of Neuse Rd,RALEIGH,NC,450000.0,337500.0,08-03-20,2020,6.0,120,3
Facility Solutions LLC,2880 East 14th North,Idaho Falls,ID,The Bank of Commerce,3113 S 25th E,IDAHO FALLS,ID,25000.0,12500.0,08-03-20,2020,4.25,120,2
"anthony & peterson, llp",500 N. Water St. Ste 1010,CORPUS CHRISTI,TX,First Community Bank,416 N Water St,CORPUS CHRISTI,TX,1000000.0,750000.0,08-03-20,2020,6.0,120,4
"Vida Pharmacy, LLC","8500 Jefferson St NE, STE D",Albuquerque,NM,"Sunflower Bank, National Association","1400 16th St, Ste 250",DENVER,CO,350400.0,262800.0,08-04-20,2020,5.25,84,2
THE UPS STORE,11040 BOLLINGER CANYON ROAD,SAN RAMON,CA,Meadows Bank,"8912 Spanish Ridge Ave, Ste 10",LAS VEGAS,NV,466600.0,349950.0,08-05-20,2020,5.25,120,3
"VECTRA INTERNATIONAL, INC.",715 SIOUX POINT RD,NORTH SIOUX CITY,SD,GBC International Bank,"5670 Wilshire Blvd, Ste 1780",LOS ANGELES,CA,2000000.0,1800000.0,08-05-20,2020,4.5,12,6
"Wasatch Clean Energy, LLC",1985 S MILESTONE DR,SALT LAKE CITY,UT,Central Bank,75 N University Ave,PROVO,UT,614000.0,460500.0,08-05-20,2020,5.5,300,4
Oyen Digital LLC,633 Hayward Avenue North,SAINT PAUL,MN,CorTrust Bank National Association,100 E Havens Ave,MITCHELL,SD,275000.0,206250.0,08-06-20,2020,5.25,84,2
"Exterra Global Trading, Inc.",360 Church Street Suite 230,NORTHBOROUGH,MA,Rockland Trust Company,288 Union St,ROCKLAND,MA,2500000.0,2250000.0,08-07-20,2020,3.5,12,4
Whitespace Inc,843 S RIVER RIDGE LN,SPANISH FORK,UT,Central Bank,75 N University Ave,PROVO,UT,424200.0,318150.0,08-10-20,2020,5.25,300,3
"Companion Natural Pet Food, LL","3720 N Fratney Street, Ste.",Milwaukee,WI,Commerce State Bank,1700 S Silverbrook Dr,WEST BEND,WI,1160400.0,870300.0,08-10-20,2020,4.5,132,3
"A M P Recreation, L L C",3718 North Wolf Creek Drive,Eden,UT,"Zions Bank, A Division of",1 S Main St,SALT LAKE CITY,UT,145900.0,124015.0,08-11-20,2020,5.5,120,3
"Coastline Wealth Management, I",414 Main St,Port Jefferson,NY,The Bancorp Bank,"409 Silverside Rd, Ste 105",WILMINGTON,DE,2921000.0,2190750.0,08-11-20,2020,4.95,120,3
Adistec Corporation,7620 NW 25TH ST #7,MIAMI,FL,Truist Bank d/b/a Branch Banking & Trust Co,214 N Tryon St,CHARLOTTE,NC,5000000.0,4500000.0,08-12-20,2020,2.18,12,4
Sunrise Snacks of Rockland Inc,785-803 E 27th Street,PATERSON,NJ,FinWise Bank,756 E Winchester St.,SANDY,UT,2900000.0,2610000.0,08-13-20,2020,5.5,300,2
Anytime Fitness,9360 90TH AVE Ste #105,SEBASTIAN,FL,Live Oak Banking Company,1741 Tiburon Dr,WILMINGTON,NC,700000.0,525000.0,08-13-20,2020,5.5,120,15
"B.E.T. Trucking, Inc.",2001 BARLOW RD,HUDSON,OH,Sutton Bank,1 S Main St,ATTICA,OH,716000.0,358000.0,08-13-20,2020,4.5,60,2
"Strickland's Enterprises, LLC",702 E MAIN STREET,HAVELOCK,NC,Live Oak Banking Company,1741 Tiburon Dr,WILMINGTON,NC,675000.0,506250.0,08-13-20,2020,5.0,300,3
"Strickland's Enterprises, LLC",3028 POPLAR LEVEL RD,LOUISVILLE,KY,Live Oak Banking Company,1741 Tiburon Dr,WILMINGTON,NC,1425000.0,1068750.0,08-13-20,2020,5.0,300,3
Triangle Construction & Utilit,2241 S 49th W Avenue,Tulsa,OK,Security Bank,10727 E 51st,TULSA,OK,500000.0,250000.0,08-13-20,2020,4.75,120,4
Bloom Bake Shop LLC,1851 Monroe Street,Madison,WI,Summit CU,1709 Landmark Dr,COTTAGE GROVE,WI,100000.0,50000.0,08-13-20,2020,6.0,100,4
Oyen Digital LLC,633 Hayward Avenue North,SAINT PAUL,MN,CorTrust Bank National Association,100 E Havens Ave,MITCHELL,SD,150000.0,75000.0,08-13-20,2020,5.25,12,2
"McILvain Enterprises, Inc.",2510 MCBRIDE DEVILLIER LOOP,WINNIE,TX,First Internet Bank of Indiana,11201 USA Pkwy,FISHERS,IN,4935000.0,3701250.0,08-13-20,2020,6.0,120,2
"MY FAV ELECTRONICS, INC.",7603 NEW GROSS POINT RD,SKOKIE,IL,"Village Bank and Trust, National Association",234 W Northwest Hwy,ARLINGTON HEIGHTS,IL,1000000.0,500000.0,08-17-20,2020,5.25,84,2
"Agri Export International, LLC",629 Spring Lake Rd,COLUMBIA,SC,"TD Bank, National Association",2035 Limestone Rd,WILMINGTON,DE,1400000.0,1260000.0,08-18-20,2020,3.5,12,7
"Bellin, Inc.",13620 1st Avenue South,Burien,WA,KeyBank National Association,127 Public Sq,CLEVELAND,OH,100000.0,50000.0,08-19-20,2020,5.25,120,2
"Bellin, Inc.",13620 1st Avenue South,Burien,WA,KeyBank National Association,127 Public Sq,CLEVELAND,OH,402000.0,301500.0,08-19-20,2020,5.25,120,2
"In His Grip, LLC",3836 Washington Blvd,OGDEN,UT,Mountain America FCU,9800 S Monroe St,SANDY,UT,281000.0,210750.0,08-20-20,2020,4.25,300,2
Next Wave Electrical Contracto,111 Railroad Ave Suite B3,Westminster,MD,Manufacturers and Traders Trust Company,"One M & T Plaza, 15th Fl",BUFFALO,NY,100000.0,50000.0,08-21-20,2020,7.75,120,2
"South Beach Fish Market, Inc",3640 S COAST HWY,SOUTH BEACH,OR,Columbia State Bank,1301 A St,TACOMA,WA,25000.0,12500.0,08-21-20,2020,5.75,120,2
"AvioTrade, Inc",1725 NW 97TH AVE,MIAMI,FL,"World Trade Finance,  Inc.",811 W. 7th Street,Los Angeles,CA,500000.0,450000.0,08-24-20,2020,5.25,6,6
"JDR Painting Services, Inc.",602 VINE ST,HAYS,KS,Bank of Hays,1000 W 27th St,HAYS,KS,39000.0,19500.0,08-24-20,2020,4.5,50,2
WINGSTOP,3836 WASHINGTON ROAD,AUGUSTA,GA,Live Oak Banking Company,1741 Tiburon Dr,WILMINGTON,NC,320000.0,240000.0,08-24-20,2020,5.35,120,3
Liberty Tax Service,4510 Sugartree Dr. West,LAKELAND,FL,First Bank,205 SE Broad St,SOUTHERN PINES,NC,1089500.0,817125.0,08-26-20,2020,6.0,120,6
"TAYJOR-MED, Inc",6608 VIRGINIA MANOR RD,BELTSVILLE,MD,"Fulton Bank, National Association",One Penn Sq,LANCASTER,PA,375000.0,281250.0,08-26-20,2020,6.0,120,3
"NOE Bullet Moulds, LLC",1030 South 350 East,PROVO,UT,Central Bank,75 N University Ave,PROVO,UT,92200.0,82980.0,08-27-20,2020,6.0,84,3
"Assistance in Recovery, Inc.",400 SELBY AVE S,SAINT PAUL,MN,"Sunrise Banks, National Association",200 University Ave West,SAINT PAUL,MN,500000.0,250000.0,08-27-20,2020,5.25,120,5
"Assistance in Recovery, Inc.",400 SELBY AVE S,SAINT PAUL,MN,"Sunrise Banks, National Association",200 University Ave West,SAINT PAUL,MN,500000.0,375000.0,08-27-20,2020,5.25,120,5
Anytime Fitness,10 BEDEL BLVD,BATESVILLE,IN,Live Oak Banking Company,1741 Tiburon Dr,WILMINGTON,NC,845000.0,591500.0,08-29-20,2020,5.25,120,15
Anderson Place Construction LL,1936 BRENGLE AVE,ORLANDO,FL,"JPMorgan Chase Bank, National Association",1111 Polaris Pkwy,COLUMBUS,OH,300000.0,150000.0,08-31-20,2020,7.5,120,2
401 Manufacturing Incorporated,8252 147TH LN,ANOKA,MN,BankCherokee,607 S Smith Ave,SAINT PAUL,MN,218600.0,163950.0,09-01-20,2020,5.25,60,3
Radiant Skin Dermatology and L,116 Central Park South,New York,NY,BNB Bank,2200 Montauk Hwy,BRIDGEHAMPTON,NY,2500000.0,1875000.0,09-01-20,2020,6.0,120,2
Concept Logistics Inc.,4030 Hickory Rocks Dr,Powell,OH,The Huntington National Bank,17 S High St,COLUMBUS,OH,121200.0,60600.0,09-03-20,2020,5.0,48,6
Anytime Fitness,251 WEST LEE HWY #689,WARRENTON,VA,Live Oak Banking Company,1741 Tiburon Dr,WILMINGTON,NC,763500.0,572625.0,09-03-20,2020,6.0,120,15
"Jim's Heavy Hauling, LLC",4309 IRONSIDE LN,SAINT LOUIS,MO,Community First Bank of the Heartland,117 N 10th St,MOUNT VERNON,IL,739000.0,369500.0,09-03-20,2020,4.31,54,2
"Interco Trading, Inc.",3 Lorenzo Lane,SAINT LOUIS,MO,Midwest BankCentre,2191 Lemay Ferry Rd,SAINT LOUIS,MO,5000000.0,4500000.0,09-03-20,2020,3.17,12,10
"AAKLC, LLC",106 W 4TH ST,HOLDEN,MO,Central Bank of Warrensburg,401 N Maguire,WARRENSBURG,MO,135000.0,67500.0,09-03-20,2020,5.95,180,2
"Balzer, Inc",COUNTY ROAD 27,MOUNTAIN LAKE,MN,Security Financial Bank,212 W Prospect St,DURAND,WI,1000000.0,900000.0,09-04-20,2020,5.8,12,6
"Solid Ground, LLC",37 E Center St. STE 210,Provo,UT,KeyBank National Association,127 Public Sq,CLEVELAND,OH,500000.0,250000.0,09-08-20,2020,5.25,120,2
New Harvest Coffee Roasters In,1005 MAIN ST,PAWTUCKET,RI,Bank Rhode Island,One Turks Head Place,PROVIDENCE,RI,167200.0,83600.0,09-09-20,2020,4.69,60,2
Integrated Label Corporation,3407 PYRAMID DR,ROCKFORD,IL,"St. Charles Bank & Trust Company, National Association",411 W Main St,SAINT CHARLES,IL,1250000.0,937500.0,09-09-20,2020,3.25,84,3
Mechanical Laundry Services LL,10655 Birch,Burbank,CA,First Savings Bank,702 N. Shore Dr. #300,Jeffersonville,IN,50000.0,10500.0,09-09-20,2020,0.0,120,2
Animal Emergency Hospital of R,8451 164th Avenue  NE Suite,REDMOND,WA,First-Citizens Bank & Trust Company,239 Fayetteville St,RALEIGH,NC,1175000.0,881250.0,09-09-20,2020,5.25,126,3
New Harvest Coffee Roasters In,1005 MAIN ST,PAWTUCKET,RI,Bank Rhode Island,One Turks Head Place,PROVIDENCE,RI,153300.0,76650.0,09-09-20,2020,4.69,60,2
Aventure International Avation,108 International Dr,PEACHTREE CITY,GA,Synovus Bank,1148 Broadway,COLUMBUS,GA,4300000.0,3870000.0,09-09-20,2020,4.5,12,6
"Eurotrans, LLC",575 Rudder Rd Ste 102,FENTON,MO,Commerce Bank,1000 Walnut St,KANSAS CITY,MO,68600.0,34300.0,09-10-20,2020,4.18,36,5
"CK Opportunities, Inc.",11750 E 200 S,Zionsville,IN,Lake City Bank,202 E Center St,WARSAW,IN,60000.0,30000.0,09-10-20,2020,4.5,36,3
The Learning Experience,4175 US-130,EDGEWATER PARK,NJ,Live Oak Banking Company,1741 Tiburon Dr,WILMINGTON,NC,3655000.0,2741250.0,09-11-20,2020,5.06,300,3
"Seashore Auto, Inc.",20258 PASEO ROBLES,WALNUT,CA,GBC International Bank,"5670 Wilshire Blvd, Ste 1780",LOS ANGELES,CA,4500000.0,4050000.0,09-11-20,2020,5.25,12,5
Vision Logistics Inc.,4808 Kroemer Rd,Fort Wayne,IN,1st Source Bank,100 N Michigan St,SOUTH BEND,IN,29100.0,14550.0,09-11-20,2020,6.0,60,3
Vision Logistics Inc.,4808 Kroemer Rd,Fort Wayne,IN,1st Source Bank,100 N Michigan St,SOUTH BEND,IN,29100.0,14550.0,09-11-20,2020,6.0,60,3
Vision Logistics Inc.,4808 Kroemer Rd,Fort Wayne,IN,1st Source Bank,100 N Michigan St,SOUTH BEND,IN,29100.0,14550.0,09-11-20,2020,6.0,60,3
Vision Logistics Inc.,4808 Kroemer Rd,Fort Wayne,IN,1st Source Bank,100 N Michigan St,SOUTH BEND,IN,29100.0,14550.0,09-11-20,2020,6.0,60,3
Vision Logistics Inc.,4808 Kroemer Rd,Fort Wayne,IN,1st Source Bank,100 N Michigan St,SOUTH BEND,IN,29100.0,14550.0,09-11-20,2020,6.0,60,3
"Dodson-Thompson-Mansfield, PLL",20 NE  38TH ST,OKLAHOMA CITY,OK,BancFirst,"101 N Broadway, Ste 1050",OKLAHOMA CITY,OK,350000.0,262500.0,09-11-20,2020,5.0,42,6
YOUNG & NAM INC.,1121 BAY ST,PORT ORCHARD,WA,Open Bank,"1000 Wilshire Blvd, Ste 500",LOS ANGELES,CA,4834000.0,3625500.0,09-14-20,2020,4.25,300,2
2 Bits Pizza LLC,715 HIGHWAY 30,BUHL,ID,Columbia State Bank,1301 A St,TACOMA,WA,705500.0,529125.0,09-14-20,2020,4.75,302,5
Love Truck Line Incorporated,6412 Sunset Point Way,INDIANAPOLIS,IN,First Savings Bank,702 N. Shore Dr. #300,Jeffersonville,IN,150000.0,127500.0,09-14-20,2020,6.0,120,2
CH Marine Services,7800 S. Mackinac Trail,SAULT SAINTE MARIE,MI,Old Mission Bank,2701 I-75 Business Spur,SAULT SAINTE MARIE,MI,120000.0,60000.0,09-14-20,2020,6.5,180,4
Jimmy John's Gourmet Sandwiche,8410 WADSWORTH BLVD,ARVADA,CO,Live Oak Banking Company,1741 Tiburon Dr,WILMINGTON,NC,973000.0,729750.0,09-15-20,2020,4.65,120,4
Jimmy John's Gourmet Sandwiche,775 ASP AVENUE,NORMAN,OK,Live Oak Banking Company,1741 Tiburon Dr,WILMINGTON,NC,821300.0,615975.0,09-15-20,2020,4.65,120,4
BKM TRUCKING LLC,17328 Bear Swap Rd,Marysville,OH,The Huntington National Bank,17 S High St,COLUMBUS,OH,66800.0,33400.0,09-15-20,2020,4.85,60,3
"Allstar Alarm, LLC",8345 Main Street,Whitmore Lake,MI,Old National Bank,One Main St,EVANSVILLE,IN,5000000.0,3745500.0,09-16-20,2020,4.75,120,2
Carry On Freight Inc.,2303 VALLEY CREEK EAST LN,INDIANAPOLIS,IN,The Huntington National Bank,17 S High St,COLUMBUS,OH,39500.0,19750.0,09-16-20,2020,4.65,84,2
Go-In International Corporatio,209 GOOLSBY BLVD,DEERFIELD BEACH,FL,Regions Bank,1900 5th Ave North,BIRMINGHAM,AL,2000000.0,1800000.0,09-16-20,2020,5.4,12,2
Anytime Fitness,265 N. STATE ROUTE 2,NEW MARTINSVILLE,WV,Live Oak Banking Company,1741 Tiburon Dr,WILMINGTON,NC,850000.0,637500.0,09-16-20,2020,5.25,120,15
All-American Plumbing & Heatin,709 4th St E,Horace,ND,Bank Forward,390 Wheat St,HANNAFORD,ND,510000.0,382500.0,09-17-20,2020,4.75,60,2
"Enervex, Inc.",1685 Bluegrass Lakes Pky,Alpharetta,GA,Pinnacle Bank,884 Elbert St,ELBERTON,GA,1500000.0,1125000.0,09-17-20,2020,4.97,48,2
Asa Trucking LLC,9442 FROST LN,BRECKSVILLE,OH,The Huntington National Bank,17 S High St,COLUMBUS,OH,150000.0,75000.0,09-17-20,2020,5.45,84,2
"Sasnakra, LLC",1117 Summersby Drive,Fayetteville,AR,Arvest Bank,75 N East Ave,FAYETTEVILLE,AR,1377700.0,1033275.0,09-18-20,2020,3.75,240,2
PARADIGM TRUCKING LLC,5000 Wyoming Ave,Dearborn,MI,The Huntington National Bank,17 S High St,COLUMBUS,OH,89700.0,44850.0,09-18-20,2020,4.25,60,2
"Ken & K.C.'s Trucking, Ltd.",3518 N State Route 61,Sunbury,OH,The Huntington National Bank,17 S High St,COLUMBUS,OH,30000.0,15000.0,09-18-20,2020,4.45,60,4
"The Foster Group, Inc",109 APPLE HOUSE LN,MISSOULA,MT,Live Oak Banking Company,1741 Tiburon Dr,WILMINGTON,NC,5000000.0,3750000.0,09-18-20,2020,5.25,300,2
"Blizzard Lighting, LLC",N24W23750 Watertown Road,Waukesha,WI,Ixonia Bank,W1046 Marietta Ave,IXONIA,WI,500000.0,375000.0,09-20-20,2020,4.25,120,2
"Blizzard Lighting, LLC",N24w23750 Watertown Road Sui,Waukesha,WI,Ixonia Bank,W1046 Marietta Ave,IXONIA,WI,1561000.0,1170750.0,09-20-20,2020,4.25,120,2
Reliant Medical L.L.C.,1812 AVENUE OF AMERICA Ste.,MONROE,LA,Regions Bank,1900 5th Ave North,BIRMINGHAM,AL,1500000.0,750000.0,09-21-20,2020,4.75,36,2
Reliant Medical L.L.C.,1812 AVENUE OF AMERICA Ste.,MONROE,LA,Regions Bank,1900 5th Ave North,BIRMINGHAM,AL,3433200.0,2574900.0,09-21-20,2020,4.65,144,2
TC Watersports LLC,4739 HARRIS RD,TRAVERSE CITY,MI,Honor Bank,2254 Henry St,HONOR,MI,900000.0,450000.0,09-21-20,2020,3.75,66,2
DOMINO'S PIZZA,530 N. GLENWOOD PL,AURORA,IL,Radius Bank,"One Harbor St, Ste 201",BOSTON,MA,651000.0,488250.0,09-22-20,2020,5.75,120,3
"Pizza People, Inc.",333 W Centerstreet,Whitewater,WI,First Citizens State Bank,207 W Main St,WHITEWATER,WI,457600.0,343200.0,09-22-20,2020,5.25,60,2
Rita's Water Ice,1200 TILTON ROAD,NORTHFIELD,NJ,Live Oak Banking Company,1741 Tiburon Dr,WILMINGTON,NC,475000.0,356250.0,09-22-20,2020,6.0,300,2
Skyline Landscape Design LLC,34111 Oak Knoll Rd,Burlington,WI,Community State Bank,1500 Main St,UNION GROVE,WI,30000.0,15000.0,09-22-20,2020,5.75,60,2
Dana Transport LLC,3445 Common Road,Warren,MI,The Huntington National Bank,17 S High St,COLUMBUS,OH,37500.0,18750.0,09-22-20,2020,4.85,60,4
Scorpion Construction Group In,189 PLEASANT ST,MILLIS,MA,St. Mary's CU,46 Lizotte Dr,MARLBOROUGH,MA,72000.0,36000.0,09-22-20,2020,2.75,24,2
"Montague Farms, Inc.",35212 TIDEWATER TRL,CENTER CROSS,VA,The First Bank and Trust Company,359 W Main St,LEBANON,VA,5000000.0,4500000.0,09-22-20,2020,4.75,12,7
"Waxman Sales, LLC",11805 FM 2244 RD Suite 600,AUSTIN,TX,Celtic Bank Corporation,"268 S State St, Ste 300",SALT LAKE CITY,UT,5000000.0,3750000.0,09-23-20,2020,5.5,12,4
"Wasatch Clean Energy, LLC",1985 S MILESTONE DR,SALT LAKE CITY,UT,Central Bank,75 N University Ave,PROVO,UT,259500.0,194625.0,09-23-20,2020,5.35,240,4
Virg's Welding & Repair,3904 N NATIONAL AVE,SIOUX FALLS,SD,The First National Bank in Sioux Falls,100 S Phillips Ave,SIOUX FALLS,SD,95000.0,47500.0,09-24-20,2020,5.5,84,2
"MachineTek, LLC",1985 PALOMAR OAKS WAY,CARLSBAD,CA,GBC International Bank,"5670 Wilshire Blvd, Ste 1780",LOS ANGELES,CA,350000.0,262500.0,09-24-20,2020,5.25,120,2
"BIG BOY ENTERTAINMENT, LLC",70 Jay Scutti Boulevard,ROCHESTER,NY,Genesee Regional Bank,1850 S Winton Rd,ROCHESTER,NY,100000.0,50000.0,09-24-20,2020,4.0,24,2
"U.S.A. Planet Kids, Inc.",5330 New Copeland Rd,Tyler,TX,"Readycap Lending, LLC",200 Connell Drive,BERKELEY HEIGHTS,NJ,1625000.0,1218750.0,09-24-20,2020,5.5,300,2
"TR Concrete, Inc.",20002 Ferret Street Northwes,Nowthen,MN,Maple Bank,11660 Theatre Dr North,CHAMPLIN,MN,1400000.0,1050000.0,09-24-20,2020,5.25,120,5
ENA Healthcare Communications,212 MAPLE AVE #102,RED BANK,NJ,First Internet Bank of Indiana,11201 USA Pkwy,FISHERS,IN,250000.0,187500.0,09-25-20,2020,6.0,120,2
No Boundaries Contracting LLC,111 Vance Ave S,ERSKINE,MN,Ultima Bank Minnesota,9 W Minnesota Ave,WINGER,MN,62500.0,31250.0,09-25-20,2020,6.25,30,2
"Galaxy Environmental, Inc.",3565 N Milwaukee Ave,Chicago,IL,"CenTrust Bank, National Association",385 Waukegan Rd,NORTHBROOK,IL,775000.0,581250.0,09-25-20,2020,5.99,120,3
"EASTERLIN PECAN CO., INC.",210 S DOOLY ST,MONTEZUMA,GA,Truist Bank d/b/a Branch Banking & Trust Co,214 N Tryon St,CHARLOTTE,NC,5000000.0,4500000.0,09-28-20,2020,3.75,12,3
R & M Pipeline Services Inc.,7604 South HIGHWAY 132,DRUMMOND,OK,BancFirst,"101 N Broadway, Ste 1050",OKLAHOMA CITY,OK,1000000.0,750000.0,09-28-20,2020,6.0,60,2
Alex Kril dba Alex Kril Trucki,11541 Rivervice Ct,Parma Heights,OH,The Huntington National Bank,17 S High St,COLUMBUS,OH,106100.0,53050.0,09-29-20,2020,5.05,84,4
"Drasgow, Inc.",4150 POPLAR TREE RD,GAINESVILLE,NY,The Bank of Castile,50 N Main St,CASTILE,NY,100000.0,50000.0,09-29-20,2020,4.25,120,2
"Press Express Logistics, LLC",12809 Astor Ave,Cleveland,OH,The Huntington National Bank,17 S High St,COLUMBUS,OH,101100.0,50550.0,09-30-20,2020,4.65,84,2
MSG Trucking LLC,585 Cherry Stone Dr,Canton,MI,The Huntington National Bank,17 S High St,COLUMBUS,OH,103400.0,51700.0,09-30-20,2020,4.45,60,2
